Tên cơ sở,Địa chỉ,Điện thoại,Fax,Email,Website
Di tích lịch sử - văn hóa căn cứ địa cách mạng Hải Chi (Đình Làng Dạ),"xã Thanh Lâm, Xã Thanh Lâm, Huyện Ba Chẽ, Quảng Ninh",,,,
Chợ Trung tâm Ba Chẽ,"Thị trấn Ba Chẽ, Thị trấn Ba Chẽ, Huyện Ba Chẽ, Quảng Ninh",,,,
Di tích lịch sử Miếu Ông – Miếu Bà,"xã Nam Sơn, Xã Nam Sơn, Huyện Ba Chẽ, Quảng Ninh",,,,
Phố đi bộ Tiên Yên,"Thị trấn Tiên Yên, Thị trấn Tiên Yên, Huyện Tiên Yên, Quảng Ninh",,,,
"Trung tâm Văn hóa, Thể thao các dân tộc vùng Đông Bắc","xã Yên Than, huyện Tiên Yên, Xã Yên Than, Huyện Tiên Yên, Quảng Ninh",,,,
Đền thờ Đức ông Hoàng Cần (Miếu Đại Vương),"xã Hải Lạng, Xã Hải Lạng, Huyện Tiên Yên, Quảng Ninh",,,,
Chợ Tiên Yên,"Thị trấn Tiên Yên, Thị trấn Tiên Yên, Huyện Tiên Yên, Quảng Ninh",,,,
Thác Pạc Sủi,"xã Yên Than, huyện Tiên Yên, Xã Yên Than, Huyện Tiên Yên, Quảng Ninh",,,,
Cột mốc 1317(2) và cửa khẩu Hoành Mô,"xã Hoành Mô, Xã Hoành Mô, Huyện Bình Liêu, Quảng Ninh",,,,
Chợ Đồng Văn,"xẫ Đồng Văn, Xã Đồng Văn, Huyện Bình Liêu, Quảng Ninh",,,,
Chợ Trung tâm huyện Bình Liêu,"thị trấn Bình Liêu, Thị trấn Bình Liêu, Huyện Bình Liêu, Quảng Ninh",,,,
Đình Lục Nà,"xẫ Lục Hồn, Xã Lục Hồn, Huyện Bình Liêu, Quảng Ninh",,,,
Thác Sông Moóc,"xã Đồng Văn,, Xã Đồng Văn, Huyện Bình Liêu, Quảng Ninh",,,,
Thác Khe Tiền,"xã Đồng Văn,, Xã Đồng Văn, Huyện Bình Liêu, Quảng Ninh",,,,
Thác Khe Vằn,"xã Húc Động, huyện Bình Liêu., Xã Húc Động, Huyện Bình Liêu, Quảng Ninh",,,,
Bãi tắm Lương Ngọc,"Khu 1A, Phường Quang Hanh, thành phố Cẩm Phả, Phường Quang Hanh, Thành phố Cẩm Phả, Quảng Ninh",,,,
Bãi tắm Quảng Hồng,"Khu Nam Sơn 2, Phường Cẩm Sơn, thành phố Cẩm Phả , Phường Cẩm Sơn, Thành phố Cẩm Phả, Quảng Ninh",,,,
Trung tâm Khoáng nóng Địa chất,"Ngõ 604 Trần Phú,Phường Cẩm Thạch, Phường Cẩm Thạch, Thành phố Cẩm Phả, Quảng Ninh",,,,
Khu di tích lịch sử - Văn hóa Đền Cửa Ông,"Phường Cửa Ông, Phường Cửa Ông, Thành phố Cẩm Phả, Quảng Ninh",,,,
Khu di tích lịch sử và Danh thắng Vũng Đục,"Khu Diêm Thủy, phường Cẩm Đông, Phường Cẩm Đông, Thành phố Cẩm Phả, Quảng Ninh",,,,
Quảng Ninh Gate,"Thôn Tâ xã Bình Dương, thị xã Đông Triều, Xã Bình Dương, Thị xã Đông Triều, Quảng Ninh",,,,
Công viên Hà Lan,"Khu Vĩnh Xuân phường Mạo Khê, Phường Mạo Khê, Thị xã Đông Triều, Quảng Ninh",,,,
Hồ Khe Chè,"Thôn Ba Xã, xã An Sinh, Xã An Sinh, Thị xã Đông Triều, Quảng Ninh",,,,
Làng quê Yên Đức,"Thôn Yên Khánh, xã Yên Đức, Xã Yên Đức, Thị xã Đông Triều, Quảng Ninh",,,,
Cụm di tích lịch sử cách mạng khu mỏ than Mạo Khê,"Khu Vĩnh Lập, phường Mạo Khê,, Phường Mạo Khê, Thị xã Đông Triều, Quảng Ninh",,,,
Trung tâm chiến khu Đông Triều - chùa Bắc Mã,"Thôn Bắc Mã, xã Bình Dương, Xã Bình Dương, Thị xã Đông Triều, Quảng Ninh",,,,
Chùa Hồ Thiên,"Thôn Phú Ninh, xã Bình Khê, thị xã Đông Triều, Xã Bình Khê, Thị xã Đông Triều, Quảng Ninh",,,,
Chùa Quỳnh Lâm,"phường Tràng An, Phường Tràng An, Thị xã Đông Triều, Quảng Ninh",,,,
Đền Thái,"Thôn Trại Lốc, xã An Sinh, Xã An Sinh, Thị xã Đông Triều, Quảng Ninh",,,,
Đền An Sinh,"Thôn Nghĩa Hưng, xã An Sinh, thị xã Đông Triều, Xã An Sinh, Thị xã Đông Triều, Quảng Ninh",,,,
Chợ Rừng,"Phường Quảng Yên, Phường Quảng Yên, Thị xã Quảng Yên, Quảng Ninh",,,,
Làng nghề truyền thống Hưng Học,"phường Nam Hòa, Phường Nam Hoà, Thị xã Quảng Yên, Quảng Ninh",,,,
Thác Mơ,"Khu Lâm Sinh 2,Phường Minh Thành, Phường Minh Thành, Thị xã Quảng Yên, Quảng Ninh",,,,
Chùa Yên Mỹ,"xã Lê Lợi, thành phố Hạ Long, Xã Lê Lợi, Thành phố Hạ Long, Quảng Ninh",,,,
Đền thờ Tiến sỹ Vũ Phi Hổ,"xã Lê Lợi, thành phố Hạ Long, Xã Lê Lợi, Thành phố Hạ Long, Quảng Ninh",,,,
Đền thờ Vua Lê Thái Tổ,"xã Lê Lợi, thành phố Hạ Long, Xã Lê Lợi, Thành phố Hạ Long, Quảng Ninh",,,,
Miếu Tiên Công,"Thôn Cẩm Thành, xã Cẩm La xã Cẩm La, Xã Cẩm La, Thị xã Quảng Yên, Quảng Ninh",,,,
Chùa Yên Giang,"Khu 2, phường Yên Giang, Phường Yên Giang, Thị xã Quảng Yên, Quảng Ninh",,,,
"Đình, chùa Yên Đông","Khu 3, phường Yên Hải, thị xã Quảng Yên, Phường Yên Hải, Thị xã Quảng Yên, Quảng Ninh",,,,
Nhà thờ họ Lê,"Khu 5, phường Phong Cốc, thị xã Quảng Yên, Phường Phong Cốc, Thị xã Quảng Yên, Quảng Ninh",,,,
Đình Phong Cốc,"Khu 4, phường Phong Cốc, thị xã Quảng Yên, Phường Phong Cốc, Thị xã Quảng Yên, Quảng Ninh",,,,
Hai cây Lim Giếng Rừng,"Khu 5, phường Quảng Yên, thị xã Quảng Yên, Phường Quảng Yên, Thị xã Quảng Yên, Quảng Ninh",,,,
Bảo tàng Bạch Đằng,"Khu 5, phường Quảng Yên, thị xã Quảng Yên, Phường Quảng Yên, Thị xã Quảng Yên, Quảng Ninh",,,,
Khu trung tâm di tích lịch sử Bạch Đằng,"Khu 6, phường Yên Giang, Phường Yên Giang, Thị xã Quảng Yên, Quảng Ninh",,,,
Quần thể danh lam thắng cảnh Núi Mằn,"xã Thống Nhất, thành phố Hạ Long, Xã Thống Nhất, Thành phố Hạ Long, Quảng Ninh",,,,
Khu bảo tồn bản văn hóa người Dao Thanh Y Bằng Cả,"Thôn 2 (thôn Chín Gian), xã Bằng Cả, Xã Bằng Cả, Thành phố Hạ Long, Quảng Ninh",,,,
Thiên đường hoa Quảng La,"xã Quảng La, thành phố Hạ Long, Xã Quảng La, Thành phố Hạ Long, Quảng Ninh",,,,
"Đại Yên Plaza, Vụng Cặp Táo","vịnh Hạ Long, thành phố Hạ Long, Thành phố Hạ Long, Quảng Ninh",,,,
Cung Quy hoạch và Hội chợ triển lãm tỉnh Quảng Ninh,"phường Hồng Hải, thành phố Hạ Long, Phường Hồng Hải, Thành phố Hạ Long, Quảng Ninh",,,,
Vụng Tùng Sâu,"vịnh Hạ Long, thành phố Hạ Long, Thành phố Hạ Long, Quảng Ninh",,,,
Cụm di tích Chùa Lôi Âm và Hồ Yên Lập,"Phường Đại Yên, tp Hạ Long, Phường Đại Yên, Thành phố Hạ Long, Quảng Ninh",,,,
Đền Cái Lân,"Phường Bãi Cháy, thành phố Hạ Long, Phường Bãi Cháy, Thành phố Hạ Long, Quảng Ninh",,,,
Trung tâm Mỹ Ngọc - Công ty CP Ngọc trai Hạ Long,"Phường Hà Khẩu, thành phố Hạ Long, Phường Hà Khẩu, Thành phố Hạ Long, Quảng Ninh",,,,
Trung tâm thương mại Marine Plaza,"Phường Hùng Thắng, thành phố Hạ Long, Phường Hùng Thắng, Thành phố Hạ Long, Quảng Ninh",,,,
Trung tâm Thương mại Vincom Hạ Long center,"Phường Bạch Đằng, thành phố Hạ Long, Phường Bạch Đằng, Thành phố Hạ Long, Quảng Ninh",,,,
Chợ Hạ Long 1,"Phường Hồng Gai, thành phố Hạ Long, Phường Hồng Gai, Thành phố Hạ Long, Quảng Ninh",,,,
Bảo tàng - Thư viện tỉnh - Quảng trường 30/10,"phường Hồng Hải, thành phố Hạ Long, Phường Hồng Hải, Thành phố Hạ Long, Quảng Ninh",,,,
Công viên Hạ Long,"Phường Bạch Đằng, thành phố Hạ Long, Phường Bạch Đằng, Thành phố Hạ Long, Quảng Ninh",0982139888,,,
Nhà thờ Hòn Gai,"phường Bạch Đằng, thành phố Hạ Long, Phường Bạch Đằng, Thành phố Hạ Long, Quảng Ninh",,,,
Chùa Long Tiên,"Phường Bạch Đằng, thành phố Hạ Long, Phường Bạch Đằng, Thành phố Hạ Long, Quảng Ninh",0973311888,,,
Trung tâm Văn hóa Núi Bài Thơ và Đền thờ Đức ông Trần Quốc Nghiễn,"Phường Hồng Gai, thành phố Hạ Long, Phường Hồng Gai, Thành phố Hạ Long, Quảng Ninh",0913578538,,,
Chùa Ba Vàng,"tổ 17, khu 5, phường Quang Trung, thành phố Uông Bí, Phường Quang Trung, Thành phố Uông Bí, Quảng Ninh",0203 0203.6557799,,,
Thác Lựng Xanh,"Phường Quang Trung, Phường Quang Trung, Thành phố Uông Bí, Quảng Ninh",0203 0203.3665530,,,
Chùa Phổ Am,"Phường Bắc Sơn, Phường Bắc Sơn, Thành phố Uông Bí, Quảng Ninh",0203 0203.3854421,,,
Đình Đền Công - chùa Long Khánh - miếu Cổ Linh,"khu Đền Công 2, phường Trưng Vương, thành phố Uông Bí, Phường Trưng Vương, Thành phố Uông Bí, Quảng Ninh",0203 0203.3566965,,,
Di tích danh thắng Yên Tử,"Xã Thượng Yên Công và phường Phương Đông, Xã Thượng Yên Công, Thành phố Uông Bí, Quảng Ninh",0203 02033.854.153,,,
Văn Miếu - Quốc Tử Giám,"58 Quốc Tử Giám, Phường Quốc Tử Giám, Quận Đống Đa, Thành phố Hà Nội",024 3845 2917,024  3747 2566,info@vanmieu.vn,http://vanmieu.gov.vn
Vườn Dâu Tằm Mỹ Khánh ở An Giang,"Võ Văn Hoài, Ấp Bình Hòa 2, Xã Mỹ Khánh, Thành phố Long Xuyên, An Giang",,,,
Du lịch sinh thái Rừng tràm Tân Tuyến,"Tân Tuyến, Xã Tân Tuyến, Huyện Tri Tôn, An Giang",0296 094 998 17 20,,,
Vườn trái cây Gò Chùa,"22B, Gò Dầu, Thị trấn Gò Dầu, Huyện Gò Dầu, Tây Ninh",0276 0834 983 210,,,
Tháp cổ Bình Thạnh,"ĐT786, Phường Trảng Bàng, Huyện Trảng Bàng, Tây Ninh",,,,
Công viên nước Thanh Lễ,"Đại lộ Bình Dương, Phường Hiệp Thành, Thành phố Thủ Dầu Một, Bình Dương",0274 096 890 80 86,,,
Khu du lịch làng cổ Phước Lộc Thọ,"67A Tỉnh lộ 824, ấp 2, Xã Hựu Thạnh, Huyện Đức Hòa, Long An",0272 3765 567/ 091 829 29 49,,info@langcophuocloctho.vn,www.langcophuocloctho.vn
Quán Café Gió & Nước Bình Dương,"6/28T Trần Bình Trọng, Phường Phú Thọ, Thành phố Thủ Dầu Một, Bình Dương",0274 091 372 02 11,,lienhe@giovanuoc.vn,www.giovanuoc.vn
Cụm du lịch hồ Dầu Tiếng,"Xã Định Thành, Huyện Dầu Tiếng, Xã Định Thành, Huyện Dầu Tiếng, Bình Dương",,,,
Khu Du Lịch Thủy Châu,"55 DT743C Phường Bình Thắng, TP. Dĩ An,, Phường Bình Thắng, Thị xã Dĩ An, Bình Dương",0274 0965 10 15 10,,,thuychauecopark.vn
Làng Tre Phú An,"124 ĐT744, Phú An, Xã Phú An, Thị xã Bến Cát, Bình Dương",0274 3580 717,,,
Hàng cau vua Tân Trụ,"Đường Ông Đồ Nghị, Thị trấn Tân Trụ, Huyện Tân Trụ, Long An",0272 089 847 58 00,,,
Khu du lịch Cánh Đồng Bất Tận,"Ấp 3, Thị trấn Bình Phong Thạnh, Huyện Mộc Hóa, Long An",0272 091 141 60 68,,canhdongbattan1983@gmail.com,
Làng nổi Tân Lập,"Quốc lộ 62, Xã Tân Lập, Huyện Mộc Hóa, Long An",0272 3968 133,,,
Khu Lưu Niệm Nhạc Sĩ Cao Văn Lầu,"Đường Ninh Bình, phường 2, thành phố Bạc Liêu, Phường 2, Thành phố Bạc Liêu, Bạc Liêu",0291 3829 966,,,
Vườn chim Bạc Liêu,"Đường Cao Văn Lầu, , Phường Nhà Mát, Thành phố Bạc Liêu, Bạc Liêu",0291 3835 991,,,
Khu du lịch Nhà Mát,", Bạc Liêu",,,,
Tháp Chóp Mạt,"ấp Xóm Mới, Xã Tân Phong, Huyện Tân Biên, Tây Ninh",,,,
Tham quan căn cứ trung ương cục miền Nam,"P2RQ+H55, Xã Tân Lập, Huyện Tân Biên, Tây Ninh",,,,
Khu vui chơi giải trí Sala,"145 Chánh Môn A, Phường 4, Thành phố Tây Ninh, Tây Ninh",0276 0848 646 566,,,
Khu du lịch Ma Thiên Lãnh,", Xã Thạnh Tân, Thành phố Tây Ninh, Tây Ninh",,,,
Khu du lịch Long Điền Sơn,"Đường số 08 Trần Phú, Phường Ninh Sơn, Thành phố Tây Ninh, Tây Ninh",0276 0919075792,,longdienson@gmail.com,
Di tích lịch sử văn hóa chiến thắng Tua Hai,"ấp Tua Hai, Xã Đồng Khởi, Huyện Châu Thành, Tây Ninh",,,,
Cồn Phú Đa,"xã Vĩnh Bình, huyện Chợ Lách, Huyện Chợ Lách, Bến Tre",,,,
Khu du lịch Làng bè,"81b/6b ấp Mỹ An, Xã An Khánh, Huyện Châu Thành, Bến Tre",0275 094 727 88 22,,dulichlangbe@gmail.com,langbe.vn
Khu du lịch Lan Vương,"tỉnh lộ 887 thuộc Ấp 2, Xã Phú Nhuận, Thành phố Bến Tre, Bến Tre",0275 090 676 78 98,,,
Bãi biển Thừa Đức Bình Đại,"Thừa Đức Bình Đại, Xã Thừa Đức, Huyện Bình Đại, Bến Tre",,,,
Búng Bình Thiên,"Xã Khánh Bình, Nhơn Hội và thị trấn Long Bình, Xã Khánh Bình, Huyện An Phú, An Giang",,,,
Khu Sinh thái Nhà Xưa,"rạch Ông Me thuộc ấp Phước Ngươn A, Xã Phước Hậu, Huyện Long Hồ, Vĩnh Long",0270 0270 3963 099,,,
Khu du lịch Vinh Sang,"Khu du lịch Vinh Sang, Xã An Bình, Huyện Long Hồ, Vĩnh Long",0270 0270 6277 277,,,
Khu du lich sinh thái Hoàng Hảo,"QL 57, Xã Thanh Đức, Huyện Long Hồ, Vĩnh Long",0270 0270 3899 699,,,
Chùa cổ Long An,"Ấp Mỹ Trung, Xã Thiện Mỹ, Huyện Trà Ôn, Vĩnh Long",,,,
Chợ nổi Trà Ôn,", Huyện Trà Ôn, Vĩnh Long",,,,
Thác đá Granite,"nằm ẩn mình trong khu rừng già, Xã Đắk Som, Huyện Đăk Glong, Đắk Nông",,,,
Núi lửa Băng Mo,"Tổ 4, Thị trấn Ea T'Ling, Huyện Cư Jút, Đắk Nông",,,,
Di tích lịch sử Ngục Đắk Mil,"thôn 9, Xã  Đắk Lao, Huyện Đắk Mil, Đắk Nông",,,,
Hồ Tây,", Thị trấn Đắk Mil, Huyện Đắk Mil, Đắk Nông",,,,
Di tích Đồi 722,"thôn Thổ Hoàng 4, Xã Đắk Sắk, Huyện Đắk Mil, Đắk Nông",,,,
Tháp Yang Prong,"thôn 5, Xã Ea Rốk, Huyện Ea Súp, Đắk Lắk",,,,
Thác Thủy Tiên,"thôn Giang Tiến, Xã Ea Puk, Huyện Krông Năng, Đắk Lắk",,,,
Thác Dray Nur,"Buôn Kuốp, Xã Dray Sáp, Huyện Krông A Na, Đắk Lắk",,,,
Đình Lạc Giao,"67 Phan Bội Châu, Phường Thống Nhất, Thành phố Buôn Ma Thuột, Đắk Lắk",,,,
Bảo tàng Đắk Lắk,"02 Y Ngông, Phường Tân Tiến, Thành phố Buôn Ma Thuột, Đắk Lắk",,,,
Làng nghề dệt chiếu Hới,"Làng Hới, Xã Tân Lễ, Huyện Hưng Hà, Thái Bình",,,,
Khu du lịch Cồn Đen,", Thái Bình",,,,
Lễ hội Đình Sàn,"Làng Sàn, Xã Phương Sơn, Huyện Lục Nam, Bắc Giang",,,,
Thác Háng Tề Chơ,"Bản Đề Chơ, Xã Làng Nhì, Huyện Trạm Tấu, Yên Bái",,,,
Thác Pú Nhu,"Bản Pú Nhu, Xã La Pán Tẩn, Huyện Mù Căng Chải, Yên Bái",,,,
Suối Giàng,", Xã Suối Giàng, Huyện Văn Chấn, Yên Bái",,,,
Thác Pa Sỹ,"làng Kon Tu Rằng, Xã Măng Cành, Huyện Kon Plông, Kon Tum",,,,
Núi Chư Hreng,"nằm ở phía nam của thành phố Kon Tum, Xã Chư Hreng, Thành phố Kon Tum, Kon Tum",,,,
Khu du lịch Đầm Vạc,", Thành phố Vĩnh Yên, Vĩnh Phúc",,,,
Hồ Đăk Ke,"Thuộc khu du lịch sinh thái Măng Đen, Huyện Kon Plông, Kon Tum",,,,
Cầu treo Kon Klor,"Đường Bắc Kạn, Phường Thắng Lợi, Thành phố Kon Tum, Kon Tum",,,,
Bảo tàng Kon Tum,"659 Nguyễn Huệ, Phường Quyết Thắng, Thành phố Kon Tum, Kon Tum",,,,
Hồ Xạ Hương,", Xã Minh Quang, Huyện Tam Đảo, Vĩnh Phúc",,,,
Làng gốm Hương Canh,"thôn Lò Cang, Thị trấn Hương Canh, Huyện Bình Xuyên, Vĩnh Phúc",,,,
Khu du lịch Văn hóa Phương Nam - Nam Phương Linh Từ,", Xã Long Hưng A, Huyện Lấp Vò, Đồng Tháp",0277 3882 727/ 091 349 27 27,,dulichvanhoaphuongnam@gmail.com,www.dulichphuongnam.com
Khu di tích Gò Tháp,"Ấp 1, Xã Tân Kiều, Huyện Tháp Mười, Đồng Tháp",0277 3960 071/ 3960 960,,bqlkdtgt@dongthap.gov.vn,www.bqlkdtgt.dongthap.gov.vn
Chùa Phước Kiển (Chùa Lá Sen),", Xã Hòa Tân, Huyện Châu Thành, Đồng Tháp",0277 038 941 41 63,,,
Khu du lịch sinh thái Gáo Giồng,"Ấp 6, Xã Gáo Giồng, Huyện Cao Lãnh, Đồng Tháp",0277 091 899 33 80/ 091 901 28 07,,dlstgaogiong@gmail.com,
Khu du lịch Cánh đồng Hoa Hồng Sa Đéc,"Đường Cao Thắng, khóm Tân Hiệp, Phường Tân Quy Đông, Thành phố Sa Đéc, Đồng Tháp",0277 093 999 90 59/ 091 455 54 41,,,
Nhà cổ Huỳnh Thủy Lê,"255A Nguyễn Huệ, Phường 2, Thành phố Sa Đéc, Đồng Tháp",0277  38510 869,,nhacohuynhthuyle@gmail.com,dulich.dongthap.gov.vn/vi/nhacohuynhthuyle
Vườn cò Hải Lựu,"thôn Dừa Lễ, Xã Hải Lựu, Huyện Sông Lô, Vĩnh Phúc",,,,
Thác Phú Cường,"QL25, Xã Dun, Huyện Chư Sê, Gia Lai",,,,
Thác Lệ Kim,", Xã Ia Tô, Huyện Ia Grai, Gia Lai",,,,
Thác Chín Tầng,", Xã Ia Bă, Huyện Ia Grai, Gia Lai",,,,
Thác Bàu Cạn,"Đội 3, Xã Bàu Cạn, Huyện Chư Prông, Gia Lai",,,,
Núi Hàm Rồng,"Nằm trên Quốc lộ 14B, Thành phố Pleiku, Gia Lai",,,,
Nhà thờ Bác Trạch,", Xã Vân Trường, Huyện Tiền Hải, Thái Bình",,,,
Làng nhà sàn Thái Hải,"Xóm Mỹ Hào, Xã Thịnh Đức, Thành phố Thái Nguyên, Thái Nguyên",,,,
Trại ngựa Bá Vân,", Xã Bình Sơn, Thành phố Sông Công, Thái Nguyên",,,,
Hồ Vai Miếu,", Xã Ký Phú, Huyện Đại Từ, Thái Nguyên",,,,
Thác Khuôn Tát,"Xóm Tỉn Keo, Xã Phú Đình, Huyện Định Hóa, Thái Nguyên",,,,
Hồ Ghềnh Chè,", Xã Bình Sơn, Thành phố Sông Công, Thái Nguyên",,,,
Chùa Hang Thái Nguyên,"Thị trấn Chùa Hang, Huyện Đồng Hỷ, Thái Nguyên",,,,
Đồi chè Tân Cương,", Xã Tân Cương, Thành phố Thái Nguyên, Thái Nguyên",,,,
Đát Đắng,", Xã Phú Xuyên, Huyện Đại Từ, Thái Nguyên",,,,
Thác Nậm Rứt (Mưa Rơi),"Bản Nậm Rứt, Xã Thần Xa, Huyện Võ Nhai, Thái Nguyên",,,,
Thác Prenn,"Đèo Prenn, Phường 3, Thành phố Đà Lạt, Lâm Đồng",,,,
Thác Gougah,"Thuộc địa bàn xóm Chung, Xã Phú Hội, Huyện Đức Trọng, Lâm Đồng",,,,
Làng Cù Lần,"dưới chân đỉnh núi Langbiang, Xã Lát, Huyện Lạc Dương, Lâm Đồng",0263 094 858 6878,,langculan@dalatcity.org,
Đường hầm điêu khắc,"Đường Hoa Hồng, Khu du lịch Hồ Tuyền Lâm, Phường 4, Thành phố Đà Lạt, Lâm Đồng",0263 094 728 9269,,duonghamdieukhacdl@gmail.com,
Chùa Linh Phước,"120 Tự Phước, Phường 11, Thành phố Đà Lạt, Lâm Đồng",,,,
Danh thắng thác Bản Ba,", Xã Trung Hà, Huyện Chiêm Hóa, Tuyên Quang",,,,
Núi Vọng Phu,", Phường An Hưng, Thành phố Thanh Hóa, Thanh Hóa",,,,
Thác Mây,"Thôn Đăng Thượng, Xã Thạch Lâm, Huyện Thạch Thành, Thanh Hóa",,,,
Thác Hiêu,"Làng Hiêu, Xã Cổ Lũng, Huyện Bá Thước, Thanh Hóa",,,,
Động Kim Sơn,", Xã Vĩnh An, Huyện Vĩnh Lộc, Thanh Hóa",,,,
Đền thờ các vua thời Lê Trung Hưng,", Xã Xuân Sinh, Huyện Thọ Xuân, Thanh Hóa",,,,
Khu du lịch Núi Dùm – Cổng Trời,", Xã Tràng Đà, Thành phố Tuyên Quang, Tuyên Quang",,,,
Đền Lê Hoàn,"Làng Trung Lập, Xã Xuân Lập, Huyện Thọ Xuân, Thanh Hóa",,,,
Chùa Tạu,"Làng Xuân Phả, Xã Xuân Trường, Huyện Thọ Xuân, Thanh Hóa",,,,
Ruộng bậc thang Hồng Thái,", Xã Hồng Thái, Huyện Na Hang, Tuyên Quang",,,,
Chùa Phúc Lâm – Dấu tích nhà Phật nơi miền sơn cước,"Thôn Nà Tông, Xã Thượng Lâm, Huyện Lâm Bình, Tuyên Quang",,,,
Khám phá động Song Long,"Hồ sinh thái Na Hang, Xã Thượng Lâm, Huyện Lâm Bình, Tuyên Quang",,,,
Thác Khuổi Nhi – điểm du lịch hấp dẫn,", Xã Thượng Lâm, Huyện Lâm Bình, Tuyên Quang",,,,
Hang Thắm Nàng Màn,"Bản Nà Pha, Xã Yên Khê, Huyện Con Cuông, Nghệ An",,,,
Di tích Mộ bà Hoàng Thị Loan,"Tọa lạc trên lưng chừng núi Động Tranh, Xã Nam Giang, Huyện Nam Đàn, Nghệ An",,,,
Cụm di tích Làng Sen,", Xã Kim Liên, Huyện Nam Đàn, Nghệ An",,,,
Cụm di tích Hoàng Trù,", Xã Kim Liên, Huyện Nam Đàn, Nghệ An",,,,
Cánh đồng hoa hướng dương,"Nông trường 19/5, Xã Nghĩa Sơn, Huyện Nghĩa Đàn, Nghệ An",,,,
Thác Khe Kèm,"Nằm trong Vườn quốc gia Pù Mát, Huyện Con Cuông, Nghệ An",,,,
Đảo chè Thanh Chương,", Xã Thanh An, Huyện Thanh Chương, Nghệ An",,,,
Danh thắng Thượng Lâm,", Xã Thượng Lâm, Huyện Lâm Bình, Tuyên Quang",,,,
Đền Pác Tạ,", Thị trấn Na Hang, Huyện Na Hang, Tuyên Quang",,,,
Nhà máy Thủy điện Na Hang,"Quốc lộ 279, Thị trấn Na Hang, Huyện Na Hang, Tuyên Quang",,,,
Suối khoáng Mỹ Lâm,"Xã Phú Lâm, Huyện Yên Sơn, Tuyên Quang",,,,
Biển Thạch Hải,", Xã Thạch Hải, Huyện Thạch Hà, Hà Tĩnh",,,,
Chùa Hương Tích,", Xã Thiên Lộc, Huyện Can Lộc, Hà Tĩnh",,,,
Nhà thờ Hải Thượng Lãn Ông,"Thôn Bảo Thượng, Xã Quang Diệm, Huyện Hương Sơn, Hà Tĩnh",,,,
Quần thể khu di tích Hải Thượng Lãn Ông Lê Hữu Trác,", Xã Sơn Trung, Huyện Hương Sơn, Hà Tĩnh",,,,
Thác Vũ Môn,", Xã Phú Gia, Huyện Hương Khê, Hà Tĩnh",,,,
Vườn Quốc gia Vũ Quang,", Thị trấn Vũ Quang, Huyện Vũ Quang, Hà Tĩnh",,,,
Thành cổ Tuyên Quang,"Vòng xoay Bình Thuận, tổ 8, Phường Tân Quang, Thành phố Tuyên Quang, Tuyên Quang",,,,
Bảo tàng tỉnh Tuyên Quang,"tổ 19, Phường Phan Thiết, Thành phố Tuyên Quang, Tuyên Quang",0207 0979 776 585,,,
Lán Nà Nưa,"thôn Tân Lập, Xã Tân Trào, Huyện Sơn Dương, Tuyên Quang",,,,
Nhà lưu niệm Đại tướng Võ Nguyên Giáp,"Thôn An Xá, Xã Lộc Thủy, Huyện Lệ Thủy, Quảng Bình",,,,
Làng Bích Họa Cảnh Dương,"Xã Cảnh Dương, Xã Cảnh Dương, Huyện Quảng Trạch, Quảng Bình",,,,
Hang Va - Hang Nước Nứt,"thuộc Vườn Quốc gia Phong Nha - Kẻ Bàng, Xã Tân Trạch, Huyện Bố Trạch, Quảng Bình",,,,
Đèo Ngang,"Nằm trên dãy núi Hoành Sơn, ranh giới giữa tỉnh Hà Tĩnh và tỉnh Quảng Bình, Xã Quảng Đông, Huyện Quảng Trạch, Quảng Bình",,,,
Bãi biển Nhật Lệ,"Biển Nhật Lệ, Xã Quang Phú, Thành Phố Đồng Hới, Quảng Bình",,,,
Sông Gianh,"Dòng sông có chiều dài khoảng 160km, đi qua địa phận các huyện Minh Hóa, Tuyên Hóa, Bố Trạch, Quảng Trạch và thị xã Ba Đồn., Quảng Bình",,,,
Động Phong Nha,"Thuộc xã Sơn Trạch (nay là Thị Trấn Phong Nha), Thị trấn Phong Nha, Huyện Bố Trạch, Quảng Bình",,,,
Bãi Đá Nhảy,"dưới chân đèo Đá Nhảy, Xã Thanh Trạch, Huyện Bố Trạch, Quảng Bình",,,,
Tượng đường kéo pháo,", Xã Nà Nhạn, Thành phố Điện Biên Phủ, Điện Biên",,,,
Thị xã Mường Lay,", Thị Xã Mường Lay, Điện Biên",,,,
Tháp Chiềng Sơ,"Bản Nà Muông, Xã Chiềng Sơ, Huyện Điện Biên Đông, Điện Biên",,,,
Tây Bắc Bách Hoa Viên,", Xã Noọng Hẹt, Huyện Điện Biên, Điện Biên",,,,
Nghĩa trang liệt sỹ A1,", Phường Mường Thanh, Thành phố Điện Biên Phủ, Điện Biên",,,,
Hồ Pá Khoang,", Xã Mường Phăng, Thành phố Điện Biên Phủ, Điện Biên",,,,
Hang Thẩm Váng,"Bản Co Hóm, Xã Búng Lao, Huyện Mường Ảng, Điện Biên",,,,
Động Pê Răng Ky,"Bản Pê Răng Ky , Xã Huổi Só, Huyện Tủa Chùa, Điện Biên",,,,
Đèo Pha Đin,", Xã Tỏa Tình, Huyện Tuần Giáo, Điện Biên",,,,
Cầu Mường Thanh,"Bế Văn Đàn, Phường Thanh Trường, Thành phố Điện Biên Phủ, Điện Biên",,,,
Cầu Hang Tôm,", Phường Na Lay, Thị Xã Mường Lay, Điện Biên",,,,
Thánh địa La Vang,"Thuộc xã Hải Phú, Xã Hải Phú, Huyện Hải Lăng, Quảng Trị",,,,
Thác Tà Puồng,"thôn Trăng Tà Puồng, Xã Hướng Việt, Huyện Hướng Hóa, Quảng Trị",,,,
Thác Chênh Vênh,"thôn Chênh Vênh, Xã Hướng Phùng, Huyện Hướng Hóa, Quảng Trị",,,,
Mũi Trèo,"Tọa lạc tại xã Vĩnh Kim (nay là xã Kim Thạch), Xã Kim Thạch, Huyện Vĩnh Linh, Quảng Trị",,,,
Làng cổ Bích La,"Xã Triệu Đông, Huyện Triệu Phong, Quảng Trị",,,,
Hang động Brai,"nằm sát biên giới Việt - Lào, thuộc địa phận thôn A Sóc, Xã Hướng Lập, Huyện Hướng Hóa, Quảng Trị",,,,
Đảo Cồn Cỏ,"Cách cảng Cửa Việt, huyện Gio Linh gần 30km, huyện Cồn Cỏ, Quảng Trị",,,,
Bãi biển Cửa Việt,"Thuộc Thị trấn Cửa Việt, Thị trấn Cửa Việt, Huyện Gio Linh, Quảng Trị",,,,
Nhà thờ Phủ Cam,"01 Đoàn Hữu Trung, Phường Phước Vĩnh, Thành phố Huế, Thừa Thiên Huế",,,,
Hồ Tịnh Tâm,"Nằm trong Kinh Thành Huế, Phường Thuận Thành, Thành phố Huế, Thừa Thiên Huế",,,,
Đồi Vọng Cảnh,"102 Huyền Trân Công Chúa, Phường Thuỷ Biều, Thành phố Huế, Thừa Thiên Huế",,,,
Chùa Từ Đàm,"01 Sư Liễu Quán, Phường Trường An, Thành phố Huế, Thừa Thiên Huế",,,,
Bảo tàng Hồ Chí Minh Thừa Thiên Huế,"7 Lê Lợi, Phường Vĩnh Ninh, Thành phố Huế, Thừa Thiên Huế",0234 384 5217,,bthcmtthue@gmail.com,https://bthcm.thuathienhue.gov.vn/
Vịnh Lăng Cô,"Thị trấn Lăng Cô, Thị trấn Lăng Cô, Huyện Phú Lộc, Thừa Thiên Huế",,,,
Núi Bạch Mã,"Xã Lộc Trì, Xã Lộc Trì, Huyện Phú Lộc, Thừa Thiên Huế",,,,
Khu du lịch Sinh thái Lái Thiêu,"Thôn Phú Túc, Xã Hòa Phú, Huyện Hòa Vang, Thành phố Đà Nẵng",0236 356 5678,,,
Đình làng Hải Châu,"Kiệt 48/14 Phan Châu Trinh, Phường Hải Châu  I, Quận Hải Châu, Thành phố Đà Nẵng",,,,
Công viên Châu Á,"01 Phan Đăng Lưu, Phường Hòa Cường Bắc, Quận Hải Châu, Thành phố Đà Nẵng",0236 368 1666,,asiapark@sunworld.vn,https://asiapark.sunworld.vn/
Chùa Linh Ứng Sơn Trà,"Khu vực Bãi Bụt, bán đảo Sơn Trà, Phường Thọ Quang, Quận Sơn Trà, Thành phố Đà Nẵng",,,,
Bảo tàng văn hóa Phật giáo,"48 Sư Vạn Hạnh, Phường Hoà Hải, Quận Ngũ Hành Sơn, Thành phố Đà Nẵng",,,,
Bảo tàng Mỹ Thuật Đà Nẵng,"78 Lê Duẩn, Phường Thạch Thang, Quận Hải Châu, Thành phố Đà Nẵng",0236 386 5668,,btmtdn@danang.gov.vn,https://baotangmythuat.danang.gov.vn/
Thác Ồ Ồ,"Thôn Thanh Khê, Xã Tiên Châu, Huyện Tiên Phước, Quảng Nam",,,,
Rừng dừa Bảy Mẫu,"thôn Thanh Nhứt, Thanh Tam, Vạn Lăng, Xã Cẩm Thanh, Thành phố Hội An, Quảng Nam",,,,
Quần thể Tượng đài Mẹ Việt Nam anh hùng,"Thôn Phú Thạnh, Xã Tam Phú, Thành phố Tam Kỳ, Quảng Nam",0235 350 6507,,bqltdmvnah@gmail.com,
Nhà lưu niệm Huỳnh Thúc Kháng,"Thôn 1, Xã Tiên Cảnh, Huyện Tiên Phước, Quảng Nam",,,,
Biển Rạng,"thôn 5, Xã Tam Quang, Huyện Núi Thành, Quảng Nam",,,,
Vườn Anh Đào Mường Phăng,", Xã Mường Đăng, Huyện Mường Ảng, Điện Biên",,,,
Tháp Mường Luân,"Bản Mường Luân, Xã Mường Luân, Huyện Điện Biên Đông, Điện Biên",,,,
Thành Bản Phủ,", Xã Noọng Hẹt, Huyện Điện Biên, Điện Biên",,,,
Suối Khoáng Nóng Hua Pe,", Xã Thanh Luông, Huyện Điện Biên, Điện Biên",,,,
Khu bảo tồn thiên nhiên Mường Nhé,"Khu bảo tồn thiên nhiên Mường Nhé được đánh giá là khu bảo tồn thuộc loại lớn của Việt Nam, Xã Chung Chải, Huyện Mường Nhé, Điện Biên",,,,
Hang Thẩm Púa,"Bản Pó, Xã Chiềng Đông, Huyện Tuần Giáo, Điện Biên",,,,
Hang Mường Tỉnh,"Bản Trống, Xã Xa Dung, Huyện Điện Biên Đông, Điện Biên",,,,
Động Pa Thơm,", Xã Pa Thơm, Huyện Điện Biên, Điện Biên",,,,
Động Xá Nhè,", Xã Sáng Nhè, Huyện Tủa Chùa, Điện Biên",,,,
Đồi Độc Lập,", Xã Thanh Nưa, Huyện Điện Biên, Điện Biên",,,,
Đồi C1,"Cứ điểm C1 nằm trên điểm cao 493, cao 50 m, là một quả đồi nhọn, Phường Mường Thanh, Thành phố Điện Biên Phủ, Điện Biên",,,,
Du lịch cộng đồng Bản Mển,"Bản Mển , Xã Thanh Nưa, Huyện Điện Biên, Điện Biên",,,,
Biển Quy Nhơn,"Trung tâm thành phố Quy Nhơn, Phường Trần Phú, Thành phố Qui Nhơn, Bình Định",,,,
Vịnh Cam Ranh,"thuộc thành phố Cam Ranh và huyện Cam Lâm, Thành phố Cam Ranh, Khánh Hòa",,,,
Thác Tà Gụ,"thôn Tà Gụ, Xã Sơn Hiệp, Huyện Khánh Sơn, Khánh Hòa",,,,
Suối Hoa Lan,"Bán đảo Hòn Hèo, vịnh Nha Phu, Xã Ninh Phú, Thị xã Ninh Hòa, Khánh Hòa",,,,
Suối Ba Hồ,"Thôn Vạn Thuận, Xã Ninh Ích, Thị xã Ninh Hòa, Khánh Hòa",,,,
Làng cổ Phú Vinh,"Thôn Phú Vinh, Xã Vĩnh Thạnh, Thành phố Nha Trang, Khánh Hòa",,,,
Khu di tích Trường Dục Thanh,"39 Trưng Nhị, Phường Đức Nghĩa, Thành phố Phan Thiết, Bình Thuận",0252 381 8728,,ducthanh@gmail.com,
Tháp nước Phan Thiết,"Đường Bà Triệu, Phường Bình Hưng, Thành phố Phan Thiết, Bình Thuận",0252 381 0801,,thapnuoc@gmail.com,
Gành Son,"Xã Chí Công, Xã Chí Công, Huyện Tuy Phong, Bình Thuận",,,ganhson@gmail.com,
Đồi cát bay Mũi Né,"Khu phố 5, Phường Mũi Né, Thành phố Phan Thiết, Bình Thuận",0252 374 8111,,doicatbay@gmail.com,
Dinh Thầy Thím,"Thôn Hiệp Tiến, Xã Tân Tiến, Thị xã La Gi, Bình Thuận",0252 387 4614,,dinhthaythim@gmail.com,
Bàu Trắng,"thôn Hồng Lâm, Xã Hòa Thắng, Huyện Bắc Bình, Bình Thuận",0252 386 0176,,bautrang@gmail.com,
Bãi biển Mỹ Khê,"Biển Mỹ Khê, Xã Tịnh Khê, Thành phố Quảng Ngãi, Quảng Ngãi",,,,
Thạch Ky điếu tẩu,"thôn An Vĩnh, Xã Tịnh Kỳ, Thành phố Quảng Ngãi, Quảng Ngãi",,,,
Hang Câu,"Dưới chân núi Thới Lới, xã An Hải, Huyện Lý Sơn, Quảng Ngãi",,,,
Gành Yến,"Thôn Thanh Thủy, Xã Bình Hải, Huyện Bình Sơn, Quảng Ngãi",,,,
Di tích Chiến thắng Mỏ Cày,"thôn 1, Xã Đức Chánh, Huyện Mộ Đức, Quảng Ngãi",,,,
Bảo tàng Tổng hợp tỉnh Quảng Ngãi,"99 Lê Trung Đình, Phường Trần Hưng Đạo, Thành phố Quảng Ngãi, Quảng Ngãi",0255 382 3849,,baotangquangngai@gmail.com,http://baotangquangngai.com
Bãi biển Sa Huỳnh,"Biển Sa Huỳnh, Quốc lộ 1A, Phường Phổ Thạnh, Huyện Đức Phổ, Quảng Ngãi",,,,
Di tích lịch sử Sơn Mỹ,"Thôn Tư Cung, Huyện Sơn Tịnh, Quảng Ngãi",,,,
Đảo Lý Sơn,"Nằm về phía Đông Bắc tỉnh Quảng Ngãi, Huyện Lý Sơn, Quảng Ngãi",,,,
Thắng cảnh Eo Gió,"thôn Lý Lương, Xã Nhơn Lý, Thành phố Qui Nhơn, Bình Định",0256 370 1195,,,
Đầm Thị Nại,"Nằm trên địa phận TP Quy Nhơn, huyện Tuy Phước, huyện Phù Cát, Phường Hải Cảng, Thành phố Qui Nhơn, Bình Định",,,,
Khu sinh thái Cồn Chim,"xã Phước Sơn, Phước Hòa, Phước Thuận, Huyện Tuy Phước, Bình Định",,,,
Bảo tàng Tổng hợp,"26 Nguyễn Huệ, Phường Lê Lợi, Thành phố Qui Nhơn, Bình Định",0256 382 2452,,,http://baotangbinhdinh.com.vn/
Nhà thờ Mằng Lăng,"Thôn Mằng Lăng, Xã An Thạch, Huyện Tuy An, Phú Yên",,,,
Không gian trưng bày Quảng Đức Xưa,"Khu phố Ngân Sơn, Thị trấn Chí Thạnh, Huyện Tuy An, Phú Yên",,,,
Hòn lao Mái Nhà,"Thôn Phước Đồng, Huyện Tuy An, Phú Yên",,,,
Hòn Chùa,"Vùng biển Long Thủy, Xã An Phú, Thành phố Tuy Hoà, Phú Yên",,,,
Bảo tàng Phú Yên,"151 Trần Phú, Phường 5, Thành phố Tuy Hoà, Phú Yên",0257 655 6607,,,
Núi Đá Bia,"Tọa lạc trên khối núi Đại Lãnh thuộc dãy núi Đèo Cả, Xã Hòa Xuân Nam, Huyện Đông Hòa, Phú Yên",,,,
Đồng Cừu An Hòa,"Thôn An Hòa, Xã Xuân Hải, Huyện Ninh Hải, Ninh Thuận",,,,
Hòn Đỏ,"Thôn Mỹ Hiệp, Xã Thanh Hải, Huyện Ninh Hải, Ninh Thuận",,,,
Vườn nho Ba Mọi,"Thôn Hiệp Hòa, Xã Phước Thuận, Huyện Ninh Phước, Ninh Thuận",0259 396 8048,,,http://nhobamoi.com.vn/
Cồn cát trắng Tuấn Tú,"Thôn Tuấn Tú, Xã An Hải, Huyện Ninh Phước, Ninh Thuận",,,,
Trùng Sơn Cổ Tự,"Núi Đá Chồng, Thị trấn Khánh Hải, Huyện Ninh Hải, Ninh Thuận",,,,
Tháp Pô Klông Garai,"Khu phố 8, Phường Đô Vinh, Thành phố Phan Rang-Tháp Chàm, Ninh Thuận",,,,
Sở chỉ huy chiến dịch Điện Biên Phủ,", Xã Mường Phăng, Thành phố Điện Biên Phủ, Điện Biên",,,,
Suối nước nóng U Va,", Xã Noong Luống, Huyện Điện Biên, Điện Biên",,,,
Cánh đồng Mường Thanh,", Phường Mường Thanh, Thành phố Điện Biên Phủ, Điện Biên",,,,
Du lịch A Pa Chải,", Xã Sín Thầu, Huyện Mường Nhé, Điện Biên",,,,
Chợ phiên vùng cao Tả Sìn Thàng,", Xã Tả Sìn Thàng, Huyện Tủa Chùa, Điện Biên",,,,
Di tích đồi Him Lam,", Phường Him Lam, Thành phố Điện Biên Phủ, Điện Biên",,,,
Khu di tích hầm Đờ Cát,", Phường Mường Thanh, Thành phố Điện Biên Phủ, Điện Biên",,,,
Hải đăng Mũi Dinh,"Thôn Sơn Hải, Xã Phước Vinh, Huyện Ninh Phước, Ninh Thuận",,,,
Bảo tàng Ninh Thuận,"Quảng trường 16/4, Phường Tấn Tài, Thành phố Phan Rang-Tháp Chàm, Ninh Thuận",0259 382 3695,,baotangninhthuan@gmail.com,
Khu du lịch sinh thái Sakai,"KM50 - QL27A, Xã Lâm Sơn, Huyện Ninh Sơn, Ninh Thuận",,,,
Làng dệt thổ cẩm Chăm Mỹ Nghiệp,"Quốc lộ 1A, Thị trấn Phước Dân, Huyện Ninh Phước, Ninh Thuận",,,,
Làng nghề gốm Bàu Trúc,"Quốc lộ 1A, Thị trấn Phước Dân, Huyện Ninh Phước, Ninh Thuận",,,,
Đền Bà Chúa Kho,"Làng Cô Mễ, Phường Vũ Ninh, Thành phố Bắc Ninh, Bắc Ninh",,,,
Đền Vua Bà,"Nằm giữa quần thể kiến trúc khu Viêm Xá (tên nôm làng Diềm), Phường Hòa Long, Thành phố Bắc Ninh, Bắc Ninh",,,,
Đình Đẩu Hàn,"Thôn Đẩu Hàn, Phường Hòa Long, Thành phố Bắc Ninh, Bắc Ninh",,,,
Lễ hội chùa Đống Lân,", Xã Hưng Đạo, Thành phố Cao Bằng, Cao Bằng",,,,
Chùa Đống Lân,", Xã Hưng Đạo, Thành phố Cao Bằng, Cao Bằng",,,,
Vườn hoa cẩm tú,"Nằm tại xóm Phia Đén, Xã Thành Công, Huyện Nguyên Bình, Cao Bằng",,,,
Đèo Mã Phục,"Xóm Cao Xuyên, xã Quốc Toản, Huyện Trà Lĩnh, Cao Bằng",,,,
Lễ hội Đền Vua Lê,"Làng Đền, Xã Hoàng Tung, Huyện Hoà An, Cao Bằng",,,,
Hồ Thang Hen,"Hồ Thang Hen thuộc địa phận xã Quốc Toản, Huyện Trà Lĩnh, Cao Bằng",,,,
Vườn Quốc gia Phja Oắc - Phja Đén,"Nằm trên địa bàn 4 xã: Thành Công, Quang Thành, Phan Thanh, Hưng Đạo và thị trấn Tĩnh Túc, Huyện Nguyên Bình, Cao Bằng",,,,
Lễ hội Đền Kỳ Sầm,"Bản Ngần, Xã Vĩnh Quang, Thành phố Cao Bằng, Cao Bằng",,,,
Lễ hội đền Dẻ Đoóng,"Làng Dẻ Đoóng, Xã Hồng Việt, Huyện Hoà An, Cao Bằng",,,,
Chùa Phật tích Trúc Lâm Bản Giốc,"Tọa lạc trên ngọn núi Phia Nhằm, Xã Đàm Thuỷ, Huyện Trùng Khánh, Cao Bằng",,,,
Đồn Phai Khắt,", Xã Tam Kim, Huyện Nguyên Bình, Cao Bằng",,,,
Chùa Vân An,"Làng Chùa, Xã Hồng Trị, Huyện Bảo Lạc, Cao Bằng",,,,
Đền Vua Lê,"Làng Đền, Xã Hoàng Tung, Huyện Hoà An, Cao Bằng",,,,
Lễ hội pháo hoa Quảng Uyên,", Thị trấn Quảng Uyên, Huyện Quảng Uyên, Cao Bằng",,,,
Lễ hội Thanh Minh,"Dân tộc Nùng An, Xã Phúc Sen, Huyện Quảng Uyên, Cao Bằng",,,,
Lễ hội Mời Mẹ Trăng,", Huyện Phục Hoà, Cao Bằng",,,,
Lễ hội Lồng Tồng,"Các huyện, xã ở Cao Bằng có người Tày – Nùng sinh sống, Cao Bằng",,,,
Khu di tích Chủ tịch Hồ Chí Minh với chiến dịch biên giới 1950,"Khu di tích tại Nà Lạn, cách thành phố Cao Bằng 60 km đi theo đường quốc lộ số 4, Xã Đức Long, Huyện Thạch An, Cao Bằng",,,,
Di tích Hoàng Đình Giong,"Làng Nà Toàn, Phường Đề Thám, Thành phố Cao Bằng, Cao Bằng",,,,
Nhà thờ Chính tòa Bắc Ninh,", Phường Ninh Xá, Thành phố Bắc Ninh, Bắc Ninh",,,,
Giếng Ngọc - Đền Cùng,"Khu Viêm Xá, Phường Hòa Long, Thành phố Bắc Ninh, Bắc Ninh",,,,
Làng tranh Đông Hồ,"Làng tranh Đông Hồ, Xã Song Hồ, Huyện Thuận Thành, Bắc Ninh",,,,
Lăng Kinh Dương Vương,"Thôn Á Lữ, Xã Đại Đồng Thành, Huyện Thuận Thành, Bắc Ninh",,,,
Thành cổ Luy Lâu,", Xã Trí Quả, Huyện Thuận Thành, Bắc Ninh",,,,
Văn Miếu Bắc Ninh,"Thuộc Khu 10, Phường Đại Phúc, Thành phố Bắc Ninh, Bắc Ninh",,,,
Đền Dẻ Đoóng,"Đền Dẻ Đoóng cách trung tâm thành phố Cao Bằng khoảng 20km, Xã Hồng Việt, Huyện Hoà An, Cao Bằng",,,,
Khu di tích anh hùng liệt sỹ Kim Đồng,"Làng Nà Mạ, Xã Trường Hà, Huyện Hà Quảng, Cao Bằng",,,,
Đền Kỳ Sầm,", Xã Vĩnh Quang, Thành phố Cao Bằng, Cao Bằng",,,,
Làng rèn Phúc Sen,", Xã Phúc Sen, Huyện Quảng Uyên, Cao Bằng",,,,
Di tích Pắc Bó,", Xã Trường Hà, Huyện Hà Quảng, Cao Bằng",,,,
Khu di tích rừng Trần Hưng Đạo,", Xã Tam Kim, Huyện Nguyên Bình, Cao Bằng",,,,
Khu di tích Đông Khê,", Thị trấn Đông Khê, Huyện Thạch An, Cao Bằng",,,,
Động Ngườm Ngao,", Xã Đàm Thuỷ, Huyện Trùng Khánh, Cao Bằng",,,,
Thác Bản Giốc,", Xã Đàm Thuỷ, Huyện Trùng Khánh, Cao Bằng",,,,
Thành cổ Bắc Ninh,"Làng Hòa Ðình, Phường Vệ An, Thành phố Bắc Ninh, Bắc Ninh",,,,
Chùa Tiêu Sơn,"Xưa có tên là chùa Lục Tổ, tọa lạc ở sườn núi Tiêu, Xã Tương Giang, Thị xã Từ Sơn, Bắc Ninh",,,,
Chùa Sùng Phúc,"Làng Huyền Ru, Thị trấn Thanh Nhật, Huyện Hạ Lang, Cao Bằng",,,,
Chùa Đà Quận,"Làng Đà Quận, Xã Hưng Đạo, Thành phố Cao Bằng, Cao Bằng",,,,
Lễ hội chùa Phật Tích,"Nằm ngang trên núi Tiên Du (còn gọi là Lạn Kha), Xã Phật Tích, Huyện Tiên Du, Bắc Ninh",,,,
Lễ hội chùa Dâu,", Xã Thanh Khương, Huyện Thuận Thành, Bắc Ninh",,,,
Lễ hội đình Đình Bảng,"Làng Đình Bảng, Phường Đình Bảng, Thị xã Từ Sơn, Bắc Ninh",,,,
Lễ hội làng tranh Đông Hồ,"Làng tranh Đông Hồ, Xã Song Hồ, Huyện Thuận Thành, Bắc Ninh",,,,
Lễ hội đền Vua bà,"Làng Viêm Xá, Phường Hòa Long, Thành phố Bắc Ninh, Bắc Ninh",,,,
Lễ hội đền Bà Chúa Kho,"Làng Cô Mễ, Phường Vũ Ninh, Thành phố Bắc Ninh, Bắc Ninh",,,,
Lễ hội chùa Bút Tháp,"Thôn Bút Tháp, Xã Đình Tổ, Huyện Thuận Thành, Bắc Ninh",,,,
Làng quan họ Viêm Xá,"Làng Diềm Xá, Phường Hòa Long, Thành phố Bắc Ninh, Bắc Ninh",,,,
Làng nghề đúc đồng Đại Bái,"Làng Bưởi, Xã Đại Bái, Huyện Gia Bình, Bắc Ninh",,,,
Lễ hội làng Đồng Kỵ,", Phường Đồng Kỵ, Thị xã Từ Sơn, Bắc Ninh",,,,
Đền thờ Lê Phụng Hiểu,"Thuộc khu Hòa Đình, Phường Võ Cường, Thành phố Bắc Ninh, Bắc Ninh",,,,
Chùa Phúc Lâm,"Nằm ở phía Tây làng Tam Tảo , Xã Phú Lâm, Huyện Tiên Du, Bắc Ninh",,,,
Đình - Chùa Khúc Toại,"Nằm ở gần đường Đường Đê, Phường Khúc Xuyên, Thành phố Bắc Ninh, Bắc Ninh",,,,
Chùa Dạm,", Phường Nam Sơn, Thành phố Bắc Ninh, Bắc Ninh",,,,
Chùa Đại Bi,"Thôn Vạn Ty, Xã Thái Bảo, Huyện Gia Bình, Bắc Ninh",,,,
Hội Lim,"Đồi Lim, Thị trấn Lim, Huyện Tiên Du, Bắc Ninh",,,,
Lễ hội đền Đô,"Làng Ðình Bảng, Phường Đình Bảng, Thị xã Từ Sơn, Bắc Ninh",,,,
Chùa Tổ (Phúc Nghiêm tự),"Làng Mãn Xá, Xã Hà Mãn, Huyện Thuận Thành, Bắc Ninh",,,,
Chùa Tam Sơn,"Thuộc làng Tam Sơn, Xã Tam Sơn, Thị xã Từ Sơn, Bắc Ninh",,,,
Thác Roọm,"Cách thị xã Bắc Kạn khoảng 8km, Xã Quang Thuận, Huyện Bạch Thông, Bắc Kạn",,,,
Thác Đầu Đẳng,"Thác Đầu Đẳng là một thắng cảnh trong khu vực Vườn quốc gia Ba Bể, Xã Nam Mẫu, Huyện Ba Bể, Bắc Kạn",,,,
Đền Thắm,"Đền có địa thế dựa vào chân núi nhìn ra ngã ba con sông Cầu, thuộc thị trấn Chợ Mới, Huyện Chợ Mới, Bắc Kạn",,,,
Điểm du lịch Phya Khao,"Cách trung tâm Tỉnh Bắc Kạn khoảng 57 km, Huyện Chợ Đồn, Bắc Kạn",,,,
Chùa Thạch Long,", Xã Cao Kỳ, Huyện Chợ Mới, Bắc Kạn",,,,
Vườn Quốc Gia Ba Bể,"Là một vườn quốc gia, rừng đặc dụng, khu du lịch sinh thái của Việt Nam, Huyện Ba Bể, Bắc Kạn",,,,
Di tích Đèo Giàng,"Cách thành phố Bắc Kạn 24km về phía bắc, Huyện Ngân Sơn, Bắc Kạn",,,,
Chợ tình Xuân Dương,"Cách thị xã Bắc Kạn 45km, Xã Xuân Dương, Huyện Na Rì, Bắc Kạn",,,,
Lễ hội Lồng tồng,"Lễ hội được tổ chức tại ven hồ Ba Bể, Xã Nam Mẫu, Huyện Ba Bể, Bắc Kạn",,,,
Lễ hội Đền Từ Hả,", Xã Hồng Giang, Huyện Lục Ngạn, Bắc Giang",,,,
Lễ hội Thổ Hà,"Làng Thổ Hà, Xã Vân Hà, Huyện Việt Yên, Bắc Giang",,,,
Lễ hội Yên Thế,"Khu di tích lịch sử Hoàng Hoa Thám, thị trấn Cầu Gồ, Huyện Yên Thế, Bắc Giang",,,,
Lễ hội Suối Mỡ,"Tại Đền Mẫu Đầm Đa ở khu du lịch sinh thái Suối Mỡ, Xã Nghĩa Phương, Huyện Lục Nam, Bắc Giang",,,,
Làng gốm Thổ Hà,"Làng gốm Thổ Hà thuộc vùng Kinh Bắc, nằm ven dòng sông Cầu, Xã Vân Hà, Huyện Việt Yên, Bắc Giang",,,,
Khu di tích Khởi nghĩa Yên Thế,"Cách Thành phố Bắc Giang 28 km về phía Tây Bắc, Huyện Yên Thế, Bắc Giang",,,,
Cây dã hương nghìn năm tuổi,", Xã Tiên Lục, Huyện Lạng Giang, Bắc Giang",,,,
Hồ Khe Chão,"Hồ Khe Chão thuộc địa bàn thôn Tẩu, Xã Long Sơn, Huyện Sơn Động, Bắc Giang",,,,
Chùa Kim Tràng,", Xã Việt Lập, Huyện Tân Yên, Bắc Giang",,,,
Chùa Vẽ,"Chùa Vẽ thuộc làng Vẽ, Phường Thọ Xương, Thành phố Bắc Giang, Bắc Giang",,,,
Đền Nguyệt Hồ,", Xã Hương Vĩ, Huyện Yên Thế, Bắc Giang",,,,
Thác Ba Tia,"Cách TP Bắc Giang hơn 80km, Huyện Sơn Động, Bắc Giang",,,,
Cánh Đồng Hoa Hướng Dương,"Phố Thanh Mai, Phường Đa Mai, Thành phố Bắc Giang, Bắc Giang",,,,
Khu Du Lịch Sinh Thái Đồng Thông,"Nằm cách Hà Nội chừng 140km, Huyện Sơn Động, Bắc Giang",,,,
Khu bảo tồn thiên nhiên Tây Yên Tử,"Cách Hà Nội chừng 150km về phía Đông Bắc, Huyện Sơn Động, Bắc Giang",,,,
Lăng Dinh Hương,"Là một quần thể kiến trúc điêu khắc đá hoành tráng, thuộc làng Dinh Hương, xã Đức Thắng, Huyện Hiệp Hòa, Bắc Giang",,,,
Thác nước Hang Chiêng - Khe Nương Dâu,", Xã Tuấn Đạo, Huyện Sơn Động, Bắc Giang",,,,
Thành cổ Xương Giang,"Xương Giang là một thành cổ hiện chỉ còn lại tàn tích, Phường Xương Giang, Thành phố Bắc Giang, Bắc Giang",,,,
Tây Yên Tử,"Tây Yên Tử phía Đông thuộc Quảng Ninh, phía Tây thuộc Bắc Giang, Huyện Sơn Động, Bắc Giang",,,,
Lễ hội Xuân Ba Bể,"Lễ hội đầu năm của đồng bào các dân tộc vùng hồ Ba Bể, Xã Nam Mẫu, Huyện Ba Bể, Bắc Kạn",,,,
"Khu ATK, Chợ Đồn Bắc Kạn","Thuộc quần thể di tích Việt Bắc, Thị trấn Bằng Lũng, Huyện Chợ Đồn, Bắc Kạn",,,,
Di tích Đồn Phủ Thông,"Cách thành phố Bắc Kạn 18 km về phía bắc, Thị trấn Phủ Thông, Huyện Bạch Thông, Bắc Kạn",,,,
Khu di tích lịch sử Nà Tu,"Cách thị xã Bắc Kạn 9km về phía bắc, Xã Cẩm Giàng, Huyện Bạch Thông, Bắc Kạn",,,,
Khu Bảo Tồn Thiên Nhiên Kim Hỷ,"Nằm trên địa bàn các xã Kim Hỷ, Lương Thượng, Lạng San, Ân Tình, Côn Minh, Huyện Na Rì, Bắc Kạn",,,,
Hồ Sinh Thái Bản Chang,"Cách Trung tâm huyện lỵ huyện Ngân Sơn 6 Km về phía nam, Xã Đức Vân, Huyện Ngân Sơn, Bắc Kạn",,,,
Đèo Gió,"Nằm trên trục đường Quốc lộ 3 đoạn từ Bắc Kạn lên Cao Bằng, Huyện Ngân Sơn, Bắc Kạn",,,,
Thác Nà Khoang,"Nằm dưới chân núi “Già Cáy” thuộc bản Nà Khoang, Thị trấn Nà Phặc, Huyện Ngân Sơn, Bắc Kạn",,,,
Động Hua Mạ,"Thuộc bản Pắc Ngòi, Xã Quảng Khê, Huyện Ba Bể, Bắc Kạn",,,,
Động Nàng Tiên,"Cách thị trấn Yến Lạc 5 km về phía đông, xã Lương Hạ, Huyện Na Rì, Bắc Kạn",,,,
Động Nả Phoòng,"Nằm trong Vườn quốc gia hồ Ba bể, Xã Nam Mẫu, Huyện Ba Bể, Bắc Kạn",,,,
Đền An Mã,"Toạ lạc trên đảo An Mã giữa hồ Ba Bể, Xã Nam Mẫu, Huyện Ba Bể, Bắc Kạn",,,,
Thác Bạc bản Vàng,"Cách động Hua Mạ 3km về phía tây bắc, Xã Hoàng Trĩ, Huyện Ba Bể, Bắc Kạn",,,,
Bản Du Lịch Pác Ngòi,"Cách thị xã Bắc Kạn khoảng 50km, Xã Nam Mẫu, Huyện Ba Bể, Bắc Kạn",,,,
Đảo Bà Góa,"Nằm gọn trong hồ Ba Bể, nằm trên địa bàn 5 xã Nam Mẫu, Khang Ninh, Cao Thương, Quảng Khê, Cao Trĩ, Huyện Ba Bể, Bắc Kạn",,,,
Ao Tiên,"Nằm ở góc hồ ba của hồ Ba Bể, Xã Nam Mẫu, Huyện Ba Bể, Bắc Kạn",,,,
Làng nghề tương Bần,", Phường Bần Yên Nhân, Huyện Mỹ Hào, Hưng Yên",,,,
Làng nghề Đúc đồng Lộng Thượng,"Làng Lộng Thượng, Xã Đại Đồng, Huyện Văn Lâm, Hưng Yên",,,,
Hồ Bán Nguyệt,"đường Bãi Sậy, Phường Quang Trung, Thành phố Hưng Yên, Hưng Yên",,,,
Đình Đa Ngưu - Đình trăm cột,", Xã Tân Tiến, Huyện Văn Giang, Hưng Yên",,,,
Đền Phượng Hoàng,", Xã Minh Tiến, Huyện Phù Cừ, Hưng Yên",,,,
Cụm di tích đền Đa Hòa - đền Dạ Trạch - cửa Hàm Tử - Bãi Sậy,", Huyện Khoái Châu, Hưng Yên",,,,
Chùa Thái Lạc,", Xã Lạc Hồng, Huyện Văn Lâm, Hưng Yên",,,,
Chùa Phú Thị,", Xã Mễ Sở, Huyện Văn Giang, Hưng Yên",,,,
Chùa Hương Lãng,"Thôn Hương Lãng, Xã Minh Hải, Huyện Văn Lâm, Hưng Yên",,,,
Văn Miếu Hưng Yên,"Làng Xích Đằng, Phường Lam Sơn, Thành phố Hưng Yên, Hưng Yên",,,,
Làng Rượu Vân Hà,"Rượu Làng Vân được nấu bằng gạo nếp cái hoa vàng thơm ngon trồng trên cánh đồng làng Vân Xá, Xã Vân Hà, Huyện Việt Yên, Bắc Giang",,,,
Núi Dành,"Cách thành phố Bắc Giang 20 km về phía Tây Bắc, Xã Liên Chung, Huyện Tân Yên, Bắc Giang",,,,
Làng nghề Thổ Hà,"Làng Thổ Hà nằm dọc theo dòng chảy của bờ bắc sông Cầu, Xã Vân Hà, Huyện Việt Yên, Bắc Giang",,,,
Hồ Cấm Sơn,"Nằm thuộc địa phận Xã Sơn Hải, Xã Hộ Đáp, Xã Tân Sơn, Xã Cấm Sơn, Huyện Lục Ngạn, Bắc Giang",,,,
Làng Nôm,", Xã Đại Đồng, Huyện Văn Lâm, Hưng Yên",,,,
Làng nghề đan đó Thủ Sỹ,", Xã Thủ Sỹ, Huyện Tiên Lữ, Hưng Yên",,,,
Đồng Cao Bắc Giang,"Đồng Cao được biết đến là một cao nguyên nhỏ bản Gà, xã Thạch Sơn, Huyện Sơn Động, Bắc Giang",,,,
Đền Thiên Hậu,"56 đường Trưng Trắc, Phường Quang Trung, Thành phố Hưng Yên, Hưng Yên",,,,
Đền Quốc Mẫu Âu Cơ,"Thôn Tân Hưng, Xã Hùng Cường, Thành phố Hưng Yên, Hưng Yên",,,,
Bản Đá Húc,"Nằm cách trung tâm xã Bình Sơn hơn 8 km về phía Bắc, Xã Bình Sơn, Huyện Lục Nam, Bắc Giang",,,,
Đền Phượng Hoàng,"Thôn Phượng Hoàng, Xã Minh Tiến, Huyện Phù Cừ, Hưng Yên",,,,
Chùa Phúc Lâm,"Thôn La Mát, Xã Phù Ủng, Huyện Ân Thi, Hưng Yên",,,,
Chùa Chuông,"Thôn Nhân Dục, Phường Hiến Nam, Thành phố Hưng Yên, Hưng Yên",,,,
Mộ Cổ Đống Thếch,"xóm Chiềng Đông, Xã Vĩnh Đồng, Huyện Kim Bôi, Hoà Bình",,,,
Hang Chiều,", Thị trấn Mai Châu, Huyện Mai Châu, Hoà Bình",,,,
Động Thác Bờ,"xóm Bưng, Xã Suối Hoa, Huyện Tân Lạc, Hoà Bình",,,,
Đền Bồng Lai,"khu 3, Thị trấn Cao Phong, Huyện Cao Phong, Hoà Bình",,,,
Bản Văn Mai Châu,", Thị trấn Mai Châu, Huyện Mai Châu, Hoà Bình",,,,
Bản Pom Coọng,", Thị trấn Mai Châu, Huyện Mai Châu, Hoà Bình",,,,
Bản Ngòi,", Xã Suối Hoa, Huyện Tân Lạc, Hoà Bình",,,,
Bản Giang Mỗ,", Xã Bình Thanh, Huyện Cao Phong, Hoà Bình",0218 098 374 70 55,,kimoanhtn88@gmail.com,http://dulichbangiangmo.com
Bản Đá Bia,", Xã Tiền Phong, Huyện Đà Bắc, Hoà Bình",,,,
Bản Bước,"Xóm Bước, Xã Săm Khóe, Huyện Mai Châu, Hoà Bình",,,,
Hồ Hoàn Kiếm,"Hồ Hoàn Kiếm còn được gọi là Hồ Gươm là một hồ nước ngọt tự nhiên, Phường Hàng Trống, Quận Hoàn Kiếm, Thành phố Hà Nội",,,,
Quần đảo Nam Du,"Nằm ở phía đông nam đảo Phú Quốc, Xã Nam Du, Huyện Kiên Hải, Kiên Giang",,,,
Hòn Một,"Tọa lạc ở phía đông bắc của đảo Ngọc Phú Quốc, Xã Bãi Thơm, Thành phố Phú Quốc, Kiên Giang",,,,
Hòn Gầm Ghì,"Còn gọi là Hòn Dăm Ngang, nằm ở nơi xa nhất về phía nam của quần đảo An Thới, Phường An Thới, Thành phố Phú Quốc, Kiên Giang",,,,
Hòn Mây Rút,"Hòn Mây Rút Trong là một trong những hòn đảo lớn nằm ở phía Nam thuộc quần đảo An Thới, Xã Hòn Thơm, Thành phố Phú Quốc, Kiên Giang",,,,
Côn Đảo,"Côn Đảo là một quần đảo nằm ở phía Đông Nam, Huyện Côn Đảo, Bà Rịa - Vũng Tàu",,,,
Hòn Móng Tay,"Nằm về phía Bắc đảo Phú Quốc, Xã Dương Hòa, Huyện Kiên Lương, Kiên Giang",,,,
Hòn Thơm,"Hòn Thơm, còn được gọi là Đảo Dứa, là hòn đảo lớn nhất thuộc quần đảo An Thới, Phường An Thới, Thành phố Phú Quốc, Kiên Giang",,,,
Hồ Tà Pạ,"Hồ Tà Pạ là một hồ nước sâu nằm trên đồi Tà Pạ, trong vùng Thất Sơn huyền bí, Xã Núi Tô, Huyện Tri Tôn, An Giang",,,,
Rừng tràm Trà Sư,"Rừng tràm Trà Sư là tên gọi cánh rừng có nhiều cây tràm tọa lạc gần khu vực núi Trà Sư, Xã Văn Giáo, Huyện Tịnh Biên, An Giang",,,,
Cánh đồng Tà Pạ,"Cánh đồng Tà Pạ nằm dưới chân núi Tà Pạ và Cô Tô, Xã Núi Tô, Huyện Tri Tôn, An Giang",,,,
Cồn Phụng (Cồn Đạo Dừa),"Nằm trên một cù lao nổi giữa sông Mỹ Tho, Xã Tân Thạch, Huyện Châu Thành, Bến Tre",,,,
Đồng sen Tháp Mười,"Tọa lạc tại một vùng quê dân dã và bình yên , Xã Mỹ Hòa, Huyện Tháp Mười, Đồng Tháp",,,,
Vườn Quốc gia Tràm Chim,"Thuộc địa phận 7 xã: Tân Công Sinh, Phú Đức, Phú Thọ, Phú Thành A, Phú Thành B, Phú Hiệp, Thị trấn Tràm Chim, Huyện Tam Nông, Đồng Tháp",,,,
Làng hoa Sa Đéc,"Cách trung tâm thành phố Sa Đéc 03km, Phường Tân Quy Đông, Thành phố Sa Đéc, Đồng Tháp",,,,
Thác Voi,"Thác Voi là thác trên dòng suối Đa Mlo tại vùng đất Thôn 8, Xã Đồng Nai, Huyện Bù Đăng, Bình Phước",,,,
Bãi biển Hồ Cốc,"Hồ Cốc là bãi biển nhỏ nằm trên địa bàn xã Bưng Riềng, Huyện Xuyên Mộc, Bà Rịa - Vũng Tàu",,,,
Thung Nai,", Xã Thung Nai, Huyện Cao Phong, Hoà Bình",,,,
Khu Du lịch Sinh thái Vàm Sát,"Tiểu khu 15A, Xã Lý Nhơn, Huyện Cần Giờ, Thành phố Hồ Chí Minh",028 0918135993/ 0947484935,,kdlvamsat@gmail.com,www.vamsat.vn
Thung lũng Mai Châu,", Thị trấn Mai Châu, Huyện Mai Châu, Hoà Bình",,,,
Vườn quốc gia Nam Cát Tiên,"VQGNam Cát Tiên nằm trên địa phận 3 tỉnh: Đồng Nai, Lâm Đồng, Bình Phước, Lâm Đồng",,,,
"Nhà trưng bày hiện vật, cổ vật văn hoá Thái",", Xã Chiềng Châu, Huyện Mai Châu, Hoà Bình",,,,
Lũng Vân,", Xã Vân Sơn, Huyện Tân Lạc, Hoà Bình",,,,
Đèo Long Lanh,"Đèo Long Lanh được biết đến với những cái tên như đèo Omega, đèo Hòn Giao, Bidoup, Huyện Lạc Dương, Lâm Đồng",,,,
Thác Đambri,"Là một thác nước trên dòng Đa M'bri , Xã Đạm Bri, Thành phố Bảo Lộc, Lâm Đồng",,,,
Động Thiên Long,", Xã Lạc Lương, Huyện Yên Thủy, Hoà Bình",,,,
Cánh đồng Cẩm Tú Cầu,"Tổ 1, Thôn Đường Lộc Quý, Xã Xuân Thọ, Thành phố Đà Lạt, Lâm Đồng",0263 090 964 44 99,,,
Động Hoa Tiên,"Xóm Ngòi, Xã Suối Hoa, Huyện Tân Lạc, Hoà Bình",,,,
Động Đá Bạc,"xóm Đá Bạc, Xã Liên Sơn, Huyện Lương Sơn, Hoà Bình",,,,
Di tích lịch sử Nhà máy in tiền,", Xã Phú Nghĩa, Huyện Lạc Thủy, Hoà Bình",,,,
Đèo Đá Trắng,"Quốc lộ 6, Xã Phú Cường, Huyện Tân Lạc, Hoà Bình",,,,
Bảo tàng không gian văn hóa Mường,"220 đường Tây Tiến, Phường Thái Bình, Thành phố Hòa Bình, Hoà Bình",0218 091 355 39 37,0218 3893 688,hieumuong@gmail.com - info@muong.vn,http://muong.vn
Ba Khan,", Xã Sơn Thủy, Huyện Mai Châu, Hoà Bình",,,,
Thiền viện Trúc Lâm Hậu Giang,"Ngã ba Vĩnh Tường, khu vực Bình Tân, Phường Vĩnh Tường, Thị xã Long Mỹ, Hậu Giang",0293 093 272 37 60,,,
Rừng Tràm Vị Thủy - Khu du lịch sinh thái Việt Úc,", Xã Vĩnh Tường, Huyện Vị Thuỷ, Hậu Giang",,,,
Làng trầu Vị Thủy,"xã Vị Thủy, huyện Vị Thủy, tỉnh Hậu Giang, Xã Vị Thuỷ, Huyện Vị Thuỷ, Hậu Giang",,,,
Khu du lịch sinh thái Tầm Vu,", Xã Tân Phú Thạnh, Huyện Châu Thành A, Hậu Giang",,,,
Khu căn cứ Tỉnh ủy (căn cứ Bà Bái),"ấp Phương Quới, Xã Phương Bình, Huyện Phụng Hiệp, Hậu Giang",,,,
Khu Bảo tồn Thiên nhiên Lung Ngọc Hoàng,", Huyện Phụng Hiệp, Hậu Giang",0293 0293 6283338,,lungngochoanghg@gmail.com,https://lungngochoang.haugiang.gov.vn
Di tích lịch sử quốc gia đặc biệt Chiến thắng Chương Thiện,"Phường V, thành phố Vị Thanh và xã Vĩnh Viễn, huyện Long Mỹ , Phường IV, Thành phố Vị Thanh, Hậu Giang",,,,
Đền thờ Bác Hồ,"ấp 3, Xã Lương Tâm, Huyện Long Mỹ, Hậu Giang",,,,
Chùa Aranhứt,"ấp Long An A, Thị trấn Cái Tắc, Huyện Châu Thành A, Hậu Giang",,,,
Hải đăng Kê Gà,"Cách Phan Thiết khoảng 30 km, Xã Tân Thành, Huyện Hàm Thuận Nam, Bình Thuận",,,,
Núi lửa Chư Đăng Ya,"Cách trung tâm thành phố Pleiku khoảng 30km về hướng đông bắc, Xã Chư Đăng Ya, Huyện Chư Păh, Gia Lai",,,,
Hồ T’Nưng,"Nằm ở phía bắc thành phố Pleiku, Xã Biển Hồ, Thành phố Pleiku, Gia Lai",,,,
Biển Hồ chè,"Thuộc ấp Bình Định, Xã Sơn Lang, Huyện KBang, Gia Lai",,,,
Núi Ngọc Linh,"Nằm trong dải dãy Trường Sơn với đỉnh cao nhất là đỉnh Ngọc Linh, Huyện Tu Mơ Rông, Kon Tum",,,,
Thác Dray Sáp,"Nằm trên dòng Serepôk, Xã Đắk Sôr, Huyện Krông Nô, Đắk Nông",,,,
Hồ Tà Đùng,"Hồ Tà Đùng gắn với đập thủy điện Đồng Nai, Xã Đắk Plao, Huyện Đăk Glong, Đắk Nông",,,,
Linh Sơn Viên Giác Tự,", Thị trấn Núi Đối, Huyện Kiến Thuỵ, Thành phố Hải Phòng",,,,
Thác Pongour,"Nằm trên sông Đa Nhim, Xã Phú Hội, Huyện Đức Trọng, Lâm Đồng",,,,
Hồ Tuyền Lâm,"Nằm cách trung tâm thành phố Đà Lạt 5km về hướng nam, Phường 3, Thành phố Đà Lạt, Lâm Đồng",,,,
Khu Di tích núi Voi,"Thôn An Luận, Tiên Hội - xã An Tiến,Thôn Chi Lai - xã Trường Thành, Xã Trường Thành, Huyện An Lão, Thành phố Hải Phòng",,,,
Cung đường Tà Năng,", Xã Tà Năng, Huyện Đức Trọng, Lâm Đồng",,,,
Núi Lang Bian,"Nằm ở phía bắc thành phố Đà Lạt 12km, Thị trấn Lạc Dương, Huyện Lạc Dương, Lâm Đồng",,,,
Cù Lao Câu,"Cách thành phố Phan Thiết khoảng 110km về hướng Đông Bắc, Xã Vĩnh Hảo, Huyện Tuy Phong, Bình Thuận",,,,
Chùa Cao Linh,"Quốc lộ 10, Xã Bắc Sơn, Huyện An Dương, Thành phố Hải Phòng",,,,
Bãi biển Kỳ Co,", Xã Nhơn Lý, Thành phố Qui Nhơn, Bình Định",,,,
Cù lao Chàm,", Xã Tân Hiệp, Thành phố Hội An, Quảng Nam",,,,
Phá Tam Giang,", Huyện Phong Điền, Thừa Thiên Huế",,,,
Sông Hương,", Thành phố Huế, Thừa Thiên Huế",,,,
Động Thiên Đường,", Thị trấn Phong Nha, Huyện Bố Trạch, Quảng Bình",,,,
Hang Sơn Đoòng,", Thị trấn Phong Nha, Huyện Bố Trạch, Quảng Bình",,,,
Hang Én,", Huyện Bố Trạch, Quảng Bình",,,,
Biển Cổ Thạch,"Cách thành phố Phan Thiết 90 km, Xã Bình Thạnh, Huyện Tuy Phong, Bình Thuận",,,,
Đồi cát Nam Cương,"Cách thành phố Phan Rang gần 8km, Xã An Hải, Huyện Ninh Phước, Ninh Thuận",,,,
Hang Rái,"Hang Rái nằm ở phía nam vịnh Vĩnh Hy, Xã Vĩnh Hải, Huyện Ninh Hải, Ninh Thuận",,,,
Vịnh Vĩnh Hy,"Vịnh Vĩnh Hy nằm cách thành phố Phan Rang khoảng 42km, Xã Vĩnh Hải, Huyện Ninh Hải, Ninh Thuận",,,,
Vườn Quốc Gia Cát Bà,"Đường xuyên đảo Cát Bà, Xã Trân Châu, Huyện Cát Hải, Thành phố Hải Phòng",0225 0225 3688981,,vuonqgcatba@haiphong.gov.vn,http://vuonquocgiacatba.com.vn
Vịnh Lan Hạ,", Huyện Cát Hải, Thành phố Hải Phòng",,,,
Quán Hoa,"Đường Hoàng Văn Thụ nối dài, Phường Hoàng Văn Thụ, Quận Hồng Bàng, Thành phố Hải Phòng",,,,
Quần đảo Cát Bà,"được phân bố trên địa bàn 6 xã: Gia Luận, Việt Hải, Trân Châu, Xuân Đám, Phù Long, Hiền Hào và thị trấn Cát Bà, Huyện Cát Hải, Thành phố Hải Phòng",,,,
Làng Chài Việt Hải,", Xã Việt Hải, Huyện Cát Hải, Thành phố Hải Phòng",,,,
Đền Bà Đế,"chân núi Độc, Phường Hải Sơn, Quận Đồ Sơn, Thành phố Hải Phòng",,,,
Khu tưởng niệm Vương triều Mạc,"Thôn Đương Thắng, Xã Ngũ Đoan, Huyện Kiến Thuỵ, Thành phố Hải Phòng",,,,
Bãi biển Cửa Lò,", Thị xã Cửa Lò, Nghệ An",,,,
Khu bảo tồn thiên nhiên Pù Luông,", Huyện Bá Thước, Thanh Hóa",0237 3880 671,,kbttnpl.snnptnt@thanhhoa.gov.vn,www.puluong.org.vn
Khu du lịch sinh thái Tràng An,", Ninh Bình",,,,
Tam Cốc - Bích Động,"Thôn Ðam Khê, Xã Ninh Xuân, Huyện Hoa Lư, Ninh Bình",,,,
Bản Lác - Mai Châu,", Xã Chiềng Châu, Huyện Mai Châu, Hoà Bình",,,,
Đảo Điệp Sơn,"Nằm trong vùng biển vịnh Vân Phong, Thị trấn Vạn Giã, Huyện Vạn Ninh, Khánh Hòa",,,,
Đảo Bình Ba,"Đảo nằm trong vịnh Cam Ranh, Xã Cam Bình, Thành phố Cam Ranh, Khánh Hòa",,,,
Đảo Bình Hưng,"Đảo Bình Hưng còn gọi là Hòn Chút, Hòn Tý, Xã Cam Bình, Thành phố Cam Ranh, Khánh Hòa",,,,
Thác Yang Bay,"Cách thành phố biển Nha Trang chưa đến 45km, Xã Khánh Phú, Huyện Khánh Vĩnh, Khánh Hòa",,,,
Biển Đại Lãnh,"Nằm cách thành phố Nha Trang 80km về phía Bắc, Xã Đại Lãnh, Huyện Vạn Ninh, Khánh Hòa",,,,
Hòn Yến,"Thôn Nhơn Hội, Huyện Tuy An, Phú Yên",,,,
Hòn Nưa,"Tọa lạc ở vùng giáp ranh giữa tỉnh Phú Yên và Khánh Hòa, nằm ngay dưới chân đèo Cả, Phú Yên",,,,
Chùa Tháp Tường Long,"đỉnh Long Sơn, Phường Ngọc Xuyên, Quận Đồ Sơn, Thành phố Hải Phòng",,,,
Cù Lao Xanh,"Vịnh Xuân Đài, Xã Nhơn Châu, Thành phố Qui Nhơn, Bình Định",,,,
Thác K50,"Ấp Bình Định, Xã Sơn Lang, Huyện KBang, Gia Lai",,,,
Ghềnh Đá Đĩa,"Ghềnh Đá Đĩa, Xã An Ninh Đông, Huyện Tuy An, Phú Yên",,,,
Bãi Xép,"Bãi biển Bãi Xép, Xã An Chấn, Huyện Tuy An, Phú Yên",,,,
Chùa Phổ Chiếu,"Xóm Miếu 2, Phường Dư Hàng, Quận Lê Chân, Thành phố Hải Phòng",,,,
Chùa Đỏ (Linh Độ Tự),"Lê Lai, Phường Máy Chai, Quận Ngô Quyền, Thành phố Hải Phòng",,,,
Bến nghiêng - Bến tàu không số,"Thung Lũng Xanh, Phường Vạn Hương, Quận Đồ Sơn, Thành phố Hải Phòng",,,,
Hồ Ba Bể,", Huyện Ba Bể, Bắc Kạn",,,,
Bãi biển Hoàng Hậu,", Phường Ghềnh Ráng, Thành phố Qui Nhơn, Bình Định",,,,
Đèo Mã Pì Lèng,", Huyện Đồng Văn, Hà Giang",,,,
Núi đôi Quản Bạ,", Huyện Quản Bạ, Hà Giang",,,,
Động Thác Bờ,"Xóm Bưng, Huyện Tân Lạc, Hoà Bình",,,,
Đền Đại Cại - núi Hắc Y,", Xã Tân Lĩnh, Huyện Lục Yên, Yên Bái",,,,
Vườn thú Hà Nội,", Quận Ba Đình, Thành phố Hà Nội",,,,
Điểm du lịch làng nghề sinh vật cảnh Hồng Vân,"Xã Hồng Vân, Thường Tín, Xã Hồng Vân, Huyện Thường Tín, Thành phố Hà Nội",024 3375 9581,,xhv_thuongtin@hanoi.gov.vn,
Điểm du lịch làng nghề may Vân Từ,"Xã Vân Từ, Xã Vân Từ, Huyện Phú Xuyên, Thành phố Hà Nội",,,,
Điểm du lịch làng nghề khảm trai - sơn mài Chuyên Mỹ,"Xã Chuyên Mỹ, Xã Chuyên Mỹ, Huyện Phú Xuyên, Thành phố Hà Nội",,,,
Điểm du lịch Di tích Lịch sử nhà tù Hỏa Lò,"Số 1 phố Hỏa Lò, Phường Trần Hưng Đạo, Quận Hoàn Kiếm, Thành phố Hà Nội",024 3934 2253,024 3934 2317,bqldtnthl_sovhtt@hanoi.gov.vn,http://hoalo.vn/
Làng gốm Bát Tràng,", Xã Bát Tràng, Huyện Gia Lâm, Thành phố Hà Nội",,,,
Làng cổ Đường Lâm,", Xã Đường Lâm, Thị xã Sơn Tây, Thành phố Hà Nội",,,,
Điểm du lịch Bảo tàng Lịch sử quốc gia,"Số 1 Phạm Ngũ Lão và 25 Tôn Đản, Quận Hoàn Kiếm, Thành phố Hà Nội",024 3825 2853,,banbientap@baotanglichsu.vn,http://baotanglichsu.vn/vi
Bảo tàng Lịch sử Quân sự (Bảo tàng Quân Đội),"Số 28A đường Điện Biên Phủ, Phường Điện Biên, Quận Ba Đình, Thành phố Hà Nội",,,,
Công viên Thiên đường Bảo Sơn,"Km5+200 đường Lê Trọng Tấn, Xã An Khánh, Huyện Hoài Đức, Thành phố Hà Nội",024 62 777 888,,info@baosonparadise.vn,https://baosonparadise.vn/
Khu du lịch sinh thái nước khoáng nóng Tiên Lãng,", Huyện Tiên Lãng, Thành phố Hải Phòng",0225 3583 264/ 0903 469 505,0225 3583 272,tl@tienlangsparesort.com/ suoikhoangtienlang@gmail.com,http://www.tienlangsparesort.com/
Khu di tích Trạng Trình Nguyễn Bỉnh Khiêm,"Thôn Trung Am, Xã Lý Học, Huyện Vĩnh Bảo, Thành phố Hải Phòng",,,,
Trung tâm Văn hóa Huyền Trân,"151 Thiên Thai, phường An Tây, Phường An Tây, Thành phố Huế, Thừa Thiên Huế",0234 3895 558,,,
Cầu Ngói Thanh Toàn,"Xã Thủy Thanh, thị xã Hương Thủy, Xã Thủy Thanh, Thị xã Hương Thủy, Thừa Thiên Huế",0234 3861 421,,,
Nhà vườn Lương Quán – Nguyệt Biều,"Phường Thủy Biều, thành phố Huế, Phường Thuỷ Biều, Thành phố Huế, Thừa Thiên Huế",0234 3822 835,,,
Làng Cổ Phước Tích,"Xã Phong Hòa, huyện Phong Điền, Xã Phong Hòa, Huyện Phong Điền, Thừa Thiên Huế",0234 3771 055,,,
Điểm du lịch sinh thái Đầm Chuồn,"xã Phú An, thị xã Hương Thủy, Phường Phú Bài, Thị xã Hương Thủy, Thừa Thiên Huế",0234 3850 244,,,
Làng nghề truyền thống Hoa giấy Thanh Tiên – Tranh dân gian Làng Sình,"xã Phú Mậu, Huyện Phú Vang, Xã Phú Mậu, Huyện Phú Vang, Thừa Thiên Huế",0234 3850 252,,,
Điểm du lịch sinh thái YesHue Eco,"xã Hương Phú, huyện Nam Đông, Xã Hương Phú, Huyện Nam Đông, Thừa Thiên Huế",0234 6562 888/ 0973195299,,,
Hồ Truồi,"Xã Lộc Hòa, huyện Phú Lộc, Xã Lộc Hòa, Huyện Phú Lộc, Thừa Thiên Huế",0234 0905678722,,,
Thác Nhị Hồ,"xã Lộc Trì, huyện Phú Lộc, Xã Lộc Trì, Huyện Phú Lộc, Thừa Thiên Huế",0234 0919310014,,,
Bảo tàng Lịch sử thành phố Hồ Chí Minh,"02 Nguyễn Bỉnh Khiêm, P. Bến Nghé, Quận 1, Phường Bến Nghé, Quận 1, Thành phố Hồ Chí Minh",028 3829 8146,,,
Chợ Bến Thành,"Cửa Nam – Chợ Bến Thành, Phường Bến Thành, Quận 1, Phường Bến Thành, Quận 1, Thành phố Hồ Chí Minh",028 3829 9274,,,
Nhà trưng bày Hoàng Sa,"Hoàng Sa, Thọ Quang, Sơn Trà, Đà Nẵng, Phường Thọ Quang, Quận Sơn Trà, Thành phố Đà Nẵng",0236 3689 921,,,
Thắng cảnh Hương Sơn,", Xã Hương Sơn, Huyện Mỹ Đức, Thành phố Hà Nội",,,,
Thắng cảnh Tràng Kênh,", Huyện Thuỷ Nguyên, Thành phố Hải Phòng",,,,
Cảng cá - Chợ cá Thuận Phước,"Số 15 Thuận Phước, Quận Hải Châu, Thành phố Đà Nẵng",,,,
Làng cổ Tuý Loan,", Xã Hòa Phong, Huyện Hòa Vang, Thành phố Đà Nẵng",,,,
Đền Nghè,", Phường An Biên, Quận Lê Chân, Thành phố Hải Phòng",,,,
Khu Bảo tồn sinh quyển thế giới Cát Bà,", Thị trấn Cát Bà, Huyện Cát Hải, Thành phố Hải Phòng",,,,
Thành phố Hải Phòng,", Thành phố Hải Phòng",,,,
Biệt thự Bảo Đại,", Phường Vạn Hương, Quận Đồ Sơn, Thành phố Hải Phòng",,,,
Nghĩa trang Khuê Trung,", Quận Hải Châu, Thành phố Đà Nẵng",,,,
Đình Nại Nam,", Phường Hòa Cường Bắc, Quận Hải Châu, Thành phố Đà Nẵng",,,,
Nhà thờ phái chư tộc Quá Giáng,"Thôn Quá Giáng, Xã Hòa Phước, Huyện Hòa Vang, Thành phố Đà Nẵng",,,,
Thành Điện Hải,", Phường Thạch Thang, Quận Hải Châu, Thành phố Đà Nẵng",,,,
Mộ Ông Ích Khiêm,", Huyện Hòa Vang, Thành phố Đà Nẵng",,,,
Cung Thể thao Tiên Sơn,"Số 3 Phan Đăng Lưu, Quận Hải Châu, Thành phố Đà Nẵng",,,,
Đình Bồ Bản,"Thôn Bồ Bản, Xã Hòa Phong, Huyện Hòa Vang, Thành phố Đà Nẵng",,,,
Đình Tuý Loan,"Thôn Túy Loan,, Xã Hòa Phong, Huyện Hòa Vang, Thành phố Đà Nẵng",,,,
Làng đá mỹ nghệ Non Nước,", Phường Hoà Hải, Quận Ngũ Hành Sơn, Thành phố Đà Nẵng",,,,
Bãi biển Nam Ô,", Phường Hòa Hiệp Bắc, Quận Liên Chiểu, Thành phố Đà Nẵng",,,,
Bảo tàng điêu khắc Chămpa,"02, đường 2 tháng 9, Phường Bình Hiên, Quận Hải Châu, Thành phố Đà Nẵng",,,,
Bà Nà - Núi Chúa,", Xã Hòa Ninh, Huyện Hòa Vang, Thành phố Đà Nẵng",,,,
Ngũ Hành Sơn,", Phường Hoà Hải, Quận Ngũ Hành Sơn, Thành phố Đà Nẵng",,,,
Đình Hàng Kênh,"Số 55 phố Nguyễn Công Trứ, Phường Hàng Kênh, Quận Lê Chân, Thành phố Hải Phòng",,,,
Bãi biển Ðồ Sơn,", Quận Đồ Sơn, Thành phố Hải Phòng",,,,
Chùa Tam Thai,", Huyện Hòa Vang, Thành phố Đà Nẵng",,,,
Đèo Hải Vân,", Thành phố Đà Nẵng",,,,
Khu bảo tồn thiên nhiên Sơn Trà,", Quận Sơn Trà, Thành phố Đà Nẵng",,,,
Lễ hội Cá Ông,", Thành phố Đà Nẵng",,,,
Bảo tàng Hồ Chí Minh,"Số 01 đường Duy Tân, Phường Hòa Thuận Đông, Quận Hải Châu, Thành phố Đà Nẵng",,,,
Bến Ninh Kiều,", Phường Tân An, Quận Ninh Kiều, Thành phố Cần Thơ",,,,
Thiền viện Trúc Lâm Phương Nam,", Xã Mỹ Khánh, Huyện Phong Điền, Thành phố Cần Thơ",,,,
Chùa Nam Nhã,"Số 612 đường Cách Mạng Tháng Tám, Phường An Thới, Quận Bình Thuỷ, Thành phố Cần Thơ",,,,
Du lịch vườn Cần Thơ,", Thành phố Cần Thơ",,,,
Đình Bình Thủy,", Phường Bình Thủy, Quận Bình Thuỷ, Thành phố Cần Thơ",,,,
Chợ nổi Cái Răng,", Quận Cái Răng, Thành phố Cần Thơ",,,,
Nhà cổ Bình Thủy,"Đường Bùi Hữu Nghĩa, Phường Bình Thủy, Quận Bình Thuỷ, Thành phố Cần Thơ",,,,
Chùa Ông,"Số 32 Hai Bà Trưng, Phường Tân An, Quận Ninh Kiều, Thành phố Cần Thơ",,,,
Bảo tàng Phụ nữ Nam Bộ,"Số 202 Võ Thị Sáu, Phường 07, Quận 3, Thành phố Hồ Chí Minh",028 (028) 38 294441,,,
Bảo tàng Mỹ thuật Tp. Hồ Chí Minh,"Số 97A Phó Ðức Chính, Phường Nguyễn Thái Bình, Quận 1, Thành phố Hồ Chí Minh",028 3829 4441,,,
Bảo tàng chứng tích chiến tranh,"Số 28 Võ Văn Tần, Phường 06, Quận 3, Thành phố Hồ Chí Minh",028 (028) 2203 0682/ 3930 6664,,bt.ctct.svhtt@tphcm.gov.vn,http://www.baotangchungtichchientranh.vn
Đền Ngọc Sơn,", Quận Hoàn Kiếm, Thành phố Hà Nội",,,,
Lăng Đồng Khánh,", Phường Thuỷ Xuân, Thành phố Huế, Thừa Thiên Huế",,,,
Hội quán Quảng Đông,"17 đường Trần Phú, Thành phố Hội An, Quảng Nam",,,,
Bãi biển Sầm Sơn,", Thành phố Sầm Sơn, Thanh Hóa",,,,
Chùa Quán Sứ,"73 phố Quán Sứ, Phường Trần Hưng Đạo, Quận Hoàn Kiếm, Thành phố Hà Nội",,,,
Hồ Đa Nhim - Đèo Ngoạn Mục,", Huyện Đơn Dương, Lâm Đồng",,,,
Bãi biển Cửa Tùng,", Huyện Vĩnh Linh, Quảng Trị",,,,
Suối nước khoáng Mỹ An,", Xã Phú Dương, Huyện Phú Vang, Thừa Thiên Huế",,,,
Khu di tích lăng Mạc Cửu,", Phường Bình San, Thị xã Hà Tiên, Kiên Giang",,,,
Cầu Trường Tiền,", Phường Phú Hòa, Thành phố Huế, Thừa Thiên Huế",,,,
Vườn quốc gia Bạch Mã,", Huyện Phú Lộc, Thừa Thiên Huế",0234 3871 258,,bachmaeco@gmail.com,www.bachmapark.com.vn
Lăng Dục Ðức,", Phường An Cựu, Thành phố Huế, Thừa Thiên Huế",,,,
Lăng Gia Long (Thiên Thọ Lăng),", Xã Hương Thọ, Thị xã Hương Trà, Thừa Thiên Huế",,,,
Núi Ngự Bình,", Thành phố Huế, Thừa Thiên Huế",,,,
Trung tâm văn hóa Huyền Trân,"thôn Ngũ Tây, Phường An Tây, Thành phố Huế, Thừa Thiên Huế",,,,
Làng Dương Nỗ,", Xã Phú Dương, Huyện Phú Vang, Thừa Thiên Huế",,,,
Làng cổ Phước Tích,", Xã Phong Hòa, Huyện Phong Điền, Thừa Thiên Huế",,,,
Chùa Thiên Mụ,", Phường Hương Long, Thành phố Huế, Thừa Thiên Huế",,,,
Cửu vị thần công,", Thành phố Huế, Thừa Thiên Huế",,,,
Lăng Minh Mạng,", Xã Hương Thọ, Thị xã Hương Trà, Thừa Thiên Huế",,,,
Ngọ Môn,", Thành phố Huế, Thừa Thiên Huế",,,,
Chợ Đông Ba,", Thành phố Huế, Thừa Thiên Huế",,,,
Lăng Tự Ðức (Khiêm Lăng),", Phường Thuỷ Biều, Thành phố Huế, Thừa Thiên Huế",,,,
Lăng Khải Định (Ứng Lăng),", Xã Thủy Bằng, Thị xã Hương Thủy, Thừa Thiên Huế",,,,
Bãi biển Thuận An,", Thị trấn Thuận An, Huyện Phú Vang, Thừa Thiên Huế",,,,
Bãi biển Lăng Cô,", Thị trấn Lăng Cô, Huyện Phú Lộc, Thừa Thiên Huế",,,,
Hiển Lâm Các,", Thành phố Huế, Thừa Thiên Huế",,,,
Bảo tàng Mỹ thuật Cung đình Huế,"Số 3 đường Lê Trực, Thành phố Huế, Thừa Thiên Huế",,,,
Kinh thành Huế,", Thành phố Huế, Thừa Thiên Huế",,,,
Kỳ Ðài Huế,", Phường Thuận Thành, Thành phố Huế, Thừa Thiên Huế",,,,
Nhà vườn An Hiển,"Làng Xuân Hoà, Phường Hương Long, Thành phố Huế, Thừa Thiên Huế",,,,
Cung An Định,"Số 97 đường Phan Đình Phùng, Thành phố Huế, Thừa Thiên Huế",,,,
Văn Miếu Huế,", Phường Hương Long, Thành phố Huế, Thừa Thiên Huế",,,,
Thế Miếu,", Thành phố Huế, Thừa Thiên Huế",,,,
Làng nón Phú Cam,", Phường Phước Vĩnh, Thành phố Huế, Thừa Thiên Huế",,,,
Thái Bình Lâu,", Thành phố Huế, Thừa Thiên Huế",,,,
Bãi biển Cảnh Dương,", Huyện Phú Lộc, Thừa Thiên Huế",,,,
Ðàn Nam Giao,", Phường Thuỷ Xuân, Thành phố Huế, Thừa Thiên Huế",,,,
Nhà thờ dòng chúa Cứu Thế,"Đường Nguyễn Huệ, Thành phố Huế, Thừa Thiên Huế",,,,
Khu nghỉ dưỡng suối nước khoáng nóng Thanh Tân,", Xã Phong An, Huyện Phong Điền, Thừa Thiên Huế",,,,
Công viên Thiên đường Bảo Sơn,", Xã An Khánh, Huyện Hoài Đức, Thành phố Hà Nội",,,,
Khu du lịch và vườn Quốc gia Ba Vì,", Huyện Ba Vì, Thành phố Hà Nội",,,,
Việt phủ Thành Chương,", Xã Hiền Ninh, Huyện Sóc Sơn, Thành phố Hà Nội",,,,
Bảo tàng Phụ nữ Việt Nam,"Số 36 Lý Thường Kiệt, Quận Hoàn Kiếm, Thành phố Hà Nội",,,,
Thành cổ Sơn Tây,", Thị xã Sơn Tây, Thành phố Hà Nội",,,,
Làng mây tre đan Phú Vinh,", Xã Phú Nghĩa, Huyện Chương Mỹ, Thành phố Hà Nội",,,,
Làng lụa Vạn Phúc,", Phường Vạn Phúc, Quận Hà Đông, Thành phố Hà Nội",,,,
Chùa Trấn Quốc,"Đường Thanh Niên, Phường Yên Phụ, Quận Tây Hồ, Thành phố Hà Nội",,,,
Cầu Long Biên,", Thành phố Hà Nội",,,,
Bảo tàng Mỹ thuật Việt Nam,"Số 66 phố Nguyễn Thái Học, Quận Ba Đình, Thành phố Hà Nội",,,,
Làng Văn hóa - Du lịch các dân tộc Việt Nam,"Thôn Đồng Mô, Thị xã Sơn Tây, Thành phố Hà Nội",,,,
Nhà hát lớn Hà Nội,"Số 1 phố Tràng Tiền, Phường Tràng Tiền, Quận Hoàn Kiếm, Thành phố Hà Nội",024 02439330113,,hnopera@hanoioperahouse.org.vn,http://www.hanoioperahouse.org.vn
Bảo tàng Dân tộc học Việt Nam,"Đường Nguyễn Văn Huyên, Phường Nghĩa Đô, Quận Cầu Giấy, Thành phố Hà Nội",024 3836 0352/ 3836 0351,024 3836 0351,information@vme.org.vn,www.vme.org.vn
Chùa Một Cột,"Phố Chùa Một Cột, Phường Đội Cấn, Quận Ba Đình, Thành phố Hà Nội",,,,
Chùa Trăm Gian,"Thôn Tiên Lữ,, Xã Tiên Phương, Huyện Chương Mỹ, Thành phố Hà Nội",,,,
Hồ Trúc Bạch,", Phường Quán Thánh, Quận Ba Đình, Thành phố Hà Nội",,,,
Thành phố Hà Nội,", Thành phố Hà Nội",,,,
Chùa Trầm,"Thôn Long Châu, Xã Phụng Châu, Huyện Chương Mỹ, Thành phố Hà Nội",,,,
Làng đúc đồng Ngũ Xã,", Quận Ba Đình, Thành phố Hà Nội",,,,
Làng rối nước Đào Thục,", Xã Thuỵ Lâm, Huyện Đông Anh, Thành phố Hà Nội",,,,
Khu phố cổ Hà Nội,", Thành phố Hà Nội",,,,
Đình Tây Đằng,", Thị trấn Tây Đằng, Huyện Ba Vì, Thành phố Hà Nội",,,,
Trung tâm Hội nghị Quốc gia,", Quận Nam Từ Liêm, Thành phố Hà Nội",,,,
Khu du lịch rừng tự nhiên Bằng Tạ,", Huyện Ba Vì, Thành phố Hà Nội",,,,
Công viên Thống Nhất,", Quận Hai Bà Trưng, Thành phố Hà Nội",,,,
Chùa Vạn Niên,"Số 364 Lạc Long Quân, Phường Xuân La, Quận Tây Hồ, Thành phố Hà Nội",,,,
Làng nghề mỹ nghệ Sơn Đồng,"Làng Sơn Đồng, Huyện Hoài Đức, Thành phố Hà Nội",,,,
Khu du lịch Đồng Mô,", Thị xã Sơn Tây, Thành phố Hà Nội",,,,
Quảng trường Ba Đình,"Đường Hùng Vương, Phường Điện Biên, Quận Ba Đình, Thành phố Hà Nội",,,,
Sân golf Đồng Mô,", Thị xã Sơn Tây, Thành phố Hà Nội",,,,
Bảo tàng Hồ Chí Minh,"Số 3 Ngọc Hà, Quận Ba Đình, Thành phố Hà Nội",,,,
Hậu Lâu,"Đường Hoàng Diệu, Quận Ba Đình, Thành phố Hà Nội",,,,
Khu du lịch sinh thái Thác Đa,"Thôn Mường Cháu, Xã Vân Hòa, Huyện Ba Vì, Thành phố Hà Nội",,,,
Lễ hội chùa Hương,", Xã Hương Sơn, Huyện Mỹ Đức, Thành phố Hà Nội",,,,
Công viên nước Đầm Sen,"03 Hòa Bình, Phường 03, Quận 11, Thành phố Hồ Chí Minh",028 02838588418,028 02838588419,,http://www.damsenwaterpark.com.vn
Chùa Giác Lâm,"565 Lạc Long Quân, Phường 10, Quận Tân Bình, Thành phố Hồ Chí Minh",,,,
Chùa Linh Sơn,"149 Cô Giang, Phường Cô Giang, Quận 1, Thành phố Hồ Chí Minh",,,,
Dinh Độc Lập,"106 Nguyễn Du, Quận 1, Thành phố Hồ Chí Minh",028 0808 5037/ 3822 3652,028 0808 5008,,www.dinhdoclap.gov.vn
Nhà hát thành phố Hồ Chí Minh,"Số 7 Công trường Lam Sơn, Phường Bến Nghé, Quận 1, Thành phố Hồ Chí Minh",028 3829 9976,,,
Làng du lịch Bình Quới,"1147 đường Bình Quới, Phường 28, Quận Bình Thạnh, Thành phố Hồ Chí Minh",028 3556 6020,028 3556 5469,binhquoi@hcm.fpt.vn,
Ðịa đạo Củ Chi,", Huyện Củ Chi, Thành phố Hồ Chí Minh",,,,
Chùa Vĩnh Nghiêm,"339 Nam Kỳ Khởi Nghĩa, Quận 3, Thành phố Hồ Chí Minh",,,,
Khu du lịch Suối Tiên,"Xa lộ Hà Nội, Phường Tân Phú, Quận 9, Thành phố Hồ Chí Minh",,,,
Nhà thờ Chợ Quán,"Số 120 Trần Bình Trọng, Phường 02, Quận 5, Thành phố Hồ Chí Minh",,,,
Chùa Xá Lợi,"89 Bà Huyện Thanh Quan, Quận 3, Thành phố Hồ Chí Minh",,,,
Đền thờ Trần Hưng Đạo,"36 Võ Thị Sáu, Quận 1, Thành phố Hồ Chí Minh",,,,
Nhà thờ Thánh Phanxicô Xaviê (Nhà thờ Cha Tam),"Số 25 Học Lạc, Phường 14, Quận 5, Thành phố Hồ Chí Minh",,,,
Khu du lịch Một Thoáng Việt Nam,"Bến Bò Cạp, Xã An Phú, Huyện Củ Chi, Thành phố Hồ Chí Minh",,,,
Bát Bửu Phật Đài,", Huyện Bình Chánh, Thành phố Hồ Chí Minh",,,,
Thảo Cầm Viên,"Số 2B Nguyễn Bỉnh Khiêm, Quận 1, Thành phố Hồ Chí Minh",,,,
Chợ Bình Tây,"Số 57A Tháp Mười, Phường 02, Quận 6, Thành phố Hồ Chí Minh",,,,
Phố đi bộ Nguyễn Huệ,", Phường Bến Nghé, Quận 1, Thành phố Hồ Chí Minh",,,,
Núi Mẫu Sơn,", Huyện Lộc Bình, Lạng Sơn",,,,
Động Tam Thanh,", Phường Tam Thanh, Thành phố Lạng Sơn, Lạng Sơn",,,,
Thành cổ Nghị Lang,", Huyện Bảo Yên, Lào Cai",,,,
Vườn Quốc gia Hoàng Liên,", Phường Sa Pa, Thị xã Sa Pa, Lào Cai",,,,
Chợ phiên Bắc Hà,", Thị trấn Bắc Hà, Huyện Bắc Hà, Lào Cai",,,,
Núi Hàm Rồng,", Phường Sa Pa, Thị xã Sa Pa, Lào Cai",,,,
Làng Cát Cát ở Sa Pa,", Phường Sa Pa, Thị xã Sa Pa, Lào Cai",,,,
Dinh Hoàng A Tưởng (Lâu đài Hoàng Yến Chao),", Thị trấn Bắc Hà, Huyện Bắc Hà, Lào Cai",,,,
Thung lũng hoa Bắc Hà,"Thôn Sân Bay, Xã Thải Giàng Phố, Huyện Bắc Hà, Lào Cai",,,,
Bản Dền,", Xã Bản Hồ, Thị xã Sa Pa, Lào Cai",,,,
Động Hàm Rồng,", Huyện Mường Khương, Lào Cai",,,,
Chợ Cao Sơn,", Xã Cao Sơn, Huyện Mường Khương, Lào Cai",,,,
Nhà thờ Đà Lạt,"Số 13 đường Trần Phú, Phường 3, Thành phố Đà Lạt, Lâm Đồng",,,,
Hồ Suối Vàng,", Huyện Lạc Dương, Lâm Đồng",,,,
Thành phố Đà Lạt,", Thành phố Đà Lạt, Lâm Đồng",,,,
Thác Đatanla,", Lâm Đồng",,,,
Chợ Đà Lạt,", Thành phố Đà Lạt, Lâm Đồng",,,,
Hồ Than Thở,", Thành phố Đà Lạt, Lâm Đồng",,,,
Chùa Linh Phong (Chùa sư nữ),"Đường Hoàng Hoa Thám, Thành phố Đà Lạt, Lâm Đồng",,,,
Vườn hoa Đà Lạt,"Số 2 Phù Đổng Thiên Vương, Thành phố Đà Lạt, Lâm Đồng",,,,
Thung lũng Tình yêu,", Thành phố Đà Lạt, Lâm Đồng",,,,
Chùa Linh Sơn,", Thành phố Đà Lạt, Lâm Đồng",,,,
Khu du lịch sinh thái Núi Voi,", Thành phố Đà Lạt, Lâm Đồng",,,,
Thác Liêng Rơwoa (Thác Voi),", Thị trấn Nam Ban, Huyện Lâm Hà, Lâm Đồng",,,,
Khu bảo tồn đất ngập nước Láng Sen,", Huyện Tân Hưng, Long An",,,,
Cụm di tích Bình Tả,", Xã Đức Hòa Hạ, Huyện Đức Hòa, Long An",,,,
Chùa Tôn Thạnh,", Xã Mỹ Lộc, Huyện Cần Giuộc, Long An",,,,
Sìn Hồ,", Thị trấn Sìn Hồ, Huyện Sìn Hồ, Lai Châu",,,,
Chợ rừng Dào San,", Xã Dào San, Huyện Phong Thổ, Lai Châu",,,,
Chùa Phổ Minh,", Phường Lộc Vượng, Thành phố Nam Định, Nam Định",,,,
Vườn quốc gia Xuân Thủy,", Xã Giao Thiện, Huyện Giao Thủy, Nam Định",,,,
Chùa Cổ Lễ,", Thị trấn Cổ Lễ, Huyện Trực Ninh, Nam Định",,,,
Nhà thờ gỗ Kon Tum,"Đường Nguyễn Huệ, Thành phố Kon Tum, Kon Tum",,,,
Vườn quốc gia Chư Mom Ray,", Huyện Sa Thầy, Kon Tum",,,,
Ngục Kon Tum,", Thành phố Kon Tum, Kon Tum",,,,
Đền Cuông,", Xã Diễn An, Huyện Diễn Châu, Nghệ An",,,,
Vườn quốc gia Pù Mát,", Huyện Tương Dương, Nghệ An",,,,
Khu di tích lịch sử Truông Bồn,"Xóm 10, Xã Mỹ Sơn, Huyện Đô Lương, Nghệ An",0238 0916 480 772,,truongbonnghean@gmail.com,www.truongbon.vn
Khu du lịch núi Quyết,", Thành phố Vinh, Nghệ An",,,,
Chợ vùng biên Nậm Cắn,", Nghệ An",,,,
Đền Quả Sơn,", Xã Bồi Sơn, Huyện Đô Lương, Nghệ An",,,,
Buôn Jun,", Thị trấn Liên Sơn, Huyện Lắk, Đắk Lắk",,,,
Hang Thẩm Ồm,", Huyện Quỳ Châu, Nghệ An",,,,
Khu du lịch sinh thái biển Bãi Lữ,", Huyện Nghi Lộc, Nghệ An",,,,
Thắng cảnh Thạch Động,", Thị xã Hà Tiên, Kiên Giang",,,,
Nhà tù Phú Quốc,", Phường An Thới, Thành phố Phú Quốc, Kiên Giang",,,,
Thắng cảnh Hà Tiên,", Thị xã Hà Tiên, Kiên Giang",,,,
Vườn Quốc gia Phú Quốc,", Thành phố Phú Quốc, Kiên Giang",,,,
Vườn Quốc gia U Minh Thượng,", Huyện U Minh Thượng, Kiên Giang",,,,
Công viên Vinpearl Safari Phú Quốc,", Xã Gành Dầu, Thành phố Phú Quốc, Kiên Giang",,,,
Vườn Quốc gia Cúc Phương,", Huyện Nho Quan, Ninh Bình",,,,
Khu du lịch sinh thái vườn chim Thung Nham,", Xã Ninh Hải, Huyện Hoa Lư, Ninh Bình",,,,
Suối nước nóng Kênh Gà,"Thôn Kênh Gà, Xã Gia Thịnh, Huyện Gia Viễn, Ninh Bình",,,,
Nhà thờ Phát Diệm,", Thị trấn Phát Diệm, Huyện Kim Sơn, Ninh Bình",,,,
Khu bảo tồn thiên nhiên đất ngập nước Vân Long,", Huyện Gia Viễn, Ninh Bình",,,,
Động Thiên Hà,"Thôn Đồng Tâm, Xã Sơn Hà, Huyện Nho Quan, Ninh Bình",,,,
Tháp Bà Ponagar,"Đường 2 tháng 4, Phường Vĩnh Phước, Thành phố Nha Trang, Khánh Hòa",,,,
Vịnh Vân Phong,", Huyện Vạn Ninh, Khánh Hòa",,,,
Vịnh Nha Trang,", Thành phố Nha Trang, Khánh Hòa",,,,
Nhà thờ Đá Nha Trang,", Thành phố Nha Trang, Khánh Hòa",,,,
Trung tâm Du lịch Suối khoáng nóng Tháp Bà Nha Trang,"Số 15 Ngọc Sơn, Phường Ngọc Hiệp, Thành phố Nha Trang, Khánh Hòa",0258 0258 3837 205,,sales@tambunthapba.vn,www.tambunthapba.vn
Viện Hải Dương Học,"Số 1 Cầu Đá, Thành phố Nha Trang, Khánh Hòa",,,,
Khu du lịch Con Sẻ Tre,", Thành phố Nha Trang, Khánh Hòa",,,,
Khu du lịch Hòn Ngọc Việt,"Đảo Hòn Tre, Phường Vĩnh Nguyên, Thành phố Nha Trang, Khánh Hòa",,,,nhatrang.vinpearlland.com
Khu du lịch Hồ cá Trí Nguyên,", Thành phố Nha Trang, Khánh Hòa",,,,
Văn miếu Diên Khánh,", Thị trấn Diên Khánh, Huyện Diên Khánh, Khánh Hòa",,,,
Đền thờ Trần Quý Cáp,", Thị trấn Diên Khánh, Huyện Diên Khánh, Khánh Hòa",,,,
Thành cổ Diên Khánh,", Huyện Khánh Vĩnh, Khánh Hòa",,,,
Khu du lịch sinh thái Suối Hoa Lan,", Xã Ninh Phú, Thị xã Ninh Hòa, Khánh Hòa",,,,
Bán đảo Đầm Môn,", Xã Vạn Thạnh, Huyện Vạn Ninh, Khánh Hòa",,,,
Bia Võ Cạnh,"Làng Võ Cạnh, Thành phố Nha Trang, Khánh Hòa",,,,
Khu du lịch Vĩnh Hy,", Xã Vĩnh Hải, Huyện Ninh Hải, Ninh Thuận",,,,
Tháp Hòa Lai,"Thôn Ba Tháp, Xã Tân Hải, Huyện Ninh Hải, Ninh Thuận",,,,
Tháp Pôrômê,"Thôn Hậu Sanh, Xã Phước Hữu, Huyện Ninh Phước, Ninh Thuận",,,,
Làng du lịch Cà Ná,", Huyện Ninh Phước, Ninh Thuận",,,,
Phố Hiến,", Thành phố Hưng Yên, Hưng Yên",,,,
Đền Chử Đồng Tử,"Thôn Yên Vĩnh, Xã Dạ Trạch, Huyện Khoái Châu, Hưng Yên",,,,
Chùa Hiến,"Phố Hiến, Phường Hồng Châu, Thành phố Hưng Yên, Hưng Yên",,,,
Đền Đậu An,"Thôn An Xá, Xã An Viên, Huyện Tiên Lữ, Hưng Yên",,,,
Chùa Nễ Châu,", Xã Hồng Nam, Thành phố Hưng Yên, Hưng Yên",,,,
Đền Mẫu,"Đường Bãi Sậy, Phường Quang Trung, Thành phố Hưng Yên, Hưng Yên",,,,
Đền Ghênh,"Thôn Ngọc Quỳnh, Thị trấn Như Quỳnh, Huyện Văn Lâm, Hưng Yên",,,,
Suối nước nóng Kim Bôi,", Huyện Kim Bôi, Hoà Bình",,,,
Hang Mỏ Luông (Hang Bộ Đội),", Thị trấn Mai Châu, Huyện Mai Châu, Hoà Bình",,,,
Thủy điện Hòa Bình,", Thành phố Hòa Bình, Hoà Bình",,,,
Bản dân tộc Mường,", Hoà Bình",,,,
Động Đá Bạc,", Huyện Lương Sơn, Hoà Bình",,,,
Đền Quốc mẫu Âu Cơ,", Huyện Lâm Thao, Phú Thọ",,,,
Vườn quốc gia Xuân Sơn,", Thị trấn Thanh Sơn, Huyện Thanh Sơn, Phú Thọ",,,,
Động Tiên Phi,", Thành phố Hòa Bình, Hoà Bình",,,,
Đầm Ao Châu,", Huyện Hạ Hoà, Phú Thọ",,,,
Núi Thắm,", Huyện Thanh Ba, Phú Thọ",,,,
Khu di tích đền Hùng,", Xã Hy Cương, Thành phố Việt Trì, Phú Thọ",,,,
Chợ nổi Phụng Hiệp,", Thị xã Ngã Bảy, Hậu Giang",,,,
Vũng Rô,", Xã Hòa Xuân Nam, Huyện Đông Hòa, Phú Yên",,,,
Đầm Ô Loan,", Huyện Tuy An, Phú Yên",,,,
Tháp Nhạn,", Phường 1, Thành phố Tuy Hoà, Phú Yên",,,,
Bãi Môn - Mũi Đại Lãnh,"Thôn Đồng Bé, Xã Hòa Tâm, Huyện Đông Hòa, Phú Yên",,,,
Địa đạo Gò Thì Thùng,", Xã An Xuân, Huyện Tuy An, Phú Yên",,,,
Khu di tích Phượng Hoàng,", Phường Văn An, Thị xã Chí Linh, Hải Dương",,,,
Khu di tích danh thắng Côn Sơn,", Phường Cộng Hoà, Thị xã Chí Linh, Hải Dương",,,,
Đảo Cò Chi Lăng Nam,", Xã Chi Lăng Nam, Huyện Thanh Miện, Hải Dương",,,,
Đền thờ Chu Văn An,", Phường Văn An, Thị xã Chí Linh, Hải Dương",,,,
Đền Kiếp Bạc,", Xã Hưng Đạo, Thị xã Chí Linh, Hải Dương",,,,
Suối Nước Moọc,", Xã Phúc Trạch, Huyện Bố Trạch, Quảng Bình",,,,
Di sản thiên nhiên thế giới Phong Nha - Kẻ Bàng,", Huyện Bố Trạch, Quảng Bình",,,,
Khu mộ Đại tướng Võ Nguyên Giáp,"Thôn Thọ Sơn, Xã Quảng Đông, Huyện Quảng Trạch, Quảng Bình",,,,
Suối nước khoáng nóng Bang,", Xã Kim Thủy, Huyện Lệ Thủy, Quảng Bình",,,,
Hang Tối,", Thị trấn Phong Nha, Huyện Bố Trạch, Quảng Bình",,,,
Hồ Kẻ Gỗ,", Huyện Cẩm Xuyên, Hà Tĩnh",,,,
Núi Hồng Lĩnh,", Xã Thiên Lộc, Huyện Can Lộc, Hà Tĩnh",,,,
Khu di tích thanh niên xung phong Ngã ba Đồng Lộc,", Thị trấn Đồng Lộc, Huyện Can Lộc, Hà Tĩnh",,,,
Núi Thiên Cầm,", Huyện Cẩm Xuyên, Hà Tĩnh",,,,
Khu lưu niệm cụ Nguyễn Du,"Làng Tiên Điền, Thị trấn Tiên Điền, Huyện Nghi Xuân, Hà Tĩnh",,,,
Đền Chiêu Trưng,", Huyện Thạch Hà, Hà Tĩnh",,,,
Bãi biển Xuân Thành,", Xã Xuân Thành, Huyện Nghi Xuân, Hà Tĩnh",,,,
Chùa và hồ Thiên Tượng,", Thị xã Hồng Lĩnh, Hà Tĩnh",,,,
Đền Trúc - Ngũ Động Sơn,"Thôn Quyển Sơn, Xã Thi Sơn, Huyện Kim Bảng, Hà Nam",,,,
Chùa Bà Đanh- Núi Ngọc,"Thôn Đanh Xá, Xã Ngọc Sơn, Huyện Kim Bảng, Hà Nam",,,,
Khu phố cổ Hội An,", Thành phố Hội An, Quảng Nam",,,,
Làng nghề đúc đồng Phước Kiều,", Xã Điện Phương, Thị xã Điện Bàn, Quảng Nam",,,,
Chùa Long Đọi Sơn,", Xã Tiên Sơn, Huyện Duy Tiên, Hà Nam",,,,
Làng gốm Thanh Hà,", Phường Thanh Hà, Thành phố Hội An, Quảng Nam",,,,
Di sản văn hóa Mỹ Sơn,", Xã Duy Phú, Huyện Duy Xuyên, Quảng Nam",,,,
Thành phố Hội An,", Thành phố Hội An, Quảng Nam",,,,
Làng rau Trà Quế,"Thôn Trà Quế, Xã Cẩm Hà, Thành phố Hội An, Quảng Nam",,,,
Tháp Chiên Đàn,", Thành phố Tam Kỳ, Quảng Nam",,,,
Chùa Phước Lâm,", Quảng Nam",,,,
Sông Thu Bồn,", Huyện Duy Xuyên, Quảng Nam",,,,
Hòn Kẽm Đá Dừng,", Huyện Quế Sơn, Quảng Nam",,,,
Cẩm Nam - Khu du lịch miệt vườn,", Thành phố Hội An, Quảng Nam",,,,
Hồ Phú Ninh,", Thành phố Tam Kỳ, Quảng Nam",,,,
Chùa Ông,"24 đường Trần Phú, Thành phố Hội An, Quảng Nam",,,,
Du lịch sinh thái Thuận Tình,", Thành phố Hội An, Quảng Nam",,,,
Bãi biển Tam Thanh,", Thành phố Tam Kỳ, Quảng Nam",,,,
Cột cờ Lũng Cú,", Xã Lũng Cú, Huyện Đồng Văn, Hà Giang",,,,
Hang Phương Thiện,", Huyện Vị Xuyên, Hà Giang",,,,
Dinh thự họ Vương,", Xã Xà Phìn, Huyện Đồng Văn, Hà Giang",,,,
Công viên địa chất Cao nguyên đá Đồng Văn,", Hà Giang",,,,
Công viên Đồng Xanh,", Xã An Phú, Thành phố Pleiku, Gia Lai",,,,
Thác Xung Khoeng,", Xã Ia Me, Huyện Chư Prông, Gia Lai",,,,
Vườn Quốc gia Kon Ka Kinh,", Gia Lai",,,,
Chùa Bửu Nghiêm,"Đường Lý Thái Tổ, Thành phố Pleiku, Gia Lai",,,,
Thủy điện Yaly,", Huyện Chư Păh, Gia Lai",0269 0269 3845 487,,,
Khu di tích cụ Phó bảng Nguyễn Sinh Sắc,"123/1 Phạm Hữu Lầu, Phường 4, Thành phố Cao Lãnh, Đồng Tháp",,,,
Xẻo Quýt - khu di tích lịch sử - sinh thái rừng tràm,", Xã Mỹ Hiệp, Huyện Cao Lãnh, Đồng Tháp",,,,
Mộ cổ Hàng Gòn,", Xã Hàng Gòn, Thị xã Long Khánh, Đồng Nai",,,,
Chùa Bửu Phong,", Phường Bửu Long, Thành phố Biên Hòa, Đồng Nai",,,,
Khu du lịch Bửu Long - hồ Long Ẩn,", Đồng Nai",,,,
Vườn quốc gia Cát Tiên,", Đồng Nai",,,,
Chùa Ngọa Vân,"Thôn Tây Sơn, Xã Bình Khê, Thị xã Đông Triều, Quảng Ninh",,,,
Bảo tàng chiến thắng Điện Biên Phủ,"Phố 1, Phường Mường Thanh, Thành phố Điện Biên Phủ, Điện Biên",,,,
Đồi A1,", Phường Mường Thanh, Thành phố Điện Biên Phủ, Điện Biên",,,,
Khu căn cứ quân sự Khe Sanh,", Thị trấn Khe Sanh, Huyện Hướng Hóa, Quảng Trị",,,,
Thành cổ Quảng Trị,", Phường 2, Thị xã Quảng Trị, Quảng Trị",,,,
Cụm di tích lịch sử Đôi bờ cầu Hiền Lương - Bến Hải,", Huyện Vĩnh Linh, Quảng Trị",,,,
Thắng cảnh Đakrông,", Huyện Đa Krông, Quảng Trị",,,,
Nghĩa trang liệt sĩ Trường Sơn,", Huyện Gio Linh, Quảng Trị",,,,
Địa đạo Vịnh Mốc,", Xã Kim Thạch, Huyện Vĩnh Linh, Quảng Trị",,,,
Thác Gia Long,", Đắk Nông",,,,
Thác Trinh Nữ,", Đắk Nông",,,,
Nhà đày Buôn Ma Thuột,", Thành phố Buôn Ma Thuột, Đắk Lắk",,,,
Mộ vua săn bắt Voi,", Huyện Buôn Đôn, Đắk Lắk",,,,
Thác Ba Tầng,", Đắk Nông",,,,
Vườn quốc gia Yok Đôn,", Huyện Buôn Đôn, Đắk Lắk",,,,
Thác Diệu Thanh,", Huyện Đắk R'Lấp, Đắk Nông",,,,
Hồ Lắk,", Thị trấn Liên Sơn, Huyện Lắk, Đắk Lắk",,,,
Chùa Khải Đoan,"89A đường Phan Bội Châu, Phường Thống Nhất, Thành phố Buôn Ma Thuột, Đắk Lắk",,,,
Buôn Đôn,", Huyện Buôn Đôn, Đắk Lắk",,,,
Thác Krông Kmar,", Huyện Krông Bông, Đắk Lắk",,,,
Buôn Ako Dhong,", Thành phố Buôn Ma Thuột, Đắk Lắk",,,,
Khu du lịch Bình An,", Thành phố Sóc Trăng, Sóc Trăng",,,,
Vườn cò Tân Long,", Xã Long Bình, Thị xã Ngã Năm, Sóc Trăng",,,,
Chùa Dơi,"Số 73B đường Lê Hồng Phong, Phường 3, Thành phố Sóc Trăng, Sóc Trăng",,,,
Chùa Đất Sét,"Số 163A đường Lương Đình Của, Thành phố Sóc Trăng, Sóc Trăng",,,,
Bảo tàng Khmer Sóc Trăng,", Thành phố Sóc Trăng, Sóc Trăng",,,,
Chùa Kh'leang,"Số 71 đường Mậu Thân, khóm 5, Phường 6, Thành phố Sóc Trăng, Sóc Trăng",,,,
Chùa Sà Lôn (chùa Chén Kiểu),", Xã Đại Tâm, Huyện Mỹ Xuyên, Sóc Trăng",,,,
Khu di tích nhà tù và bảo tàng tỉnh Sơn La,", Phường Tô Hiệu, Thành phố Sơn La, Sơn La",0212 0212 850 221,,baotangsl@gmail.com,www.baotangsonla.vn
Mũi Cà Mau,", Huyện Ngọc Hiển, Cà Mau",,,,
Vườn Quốc gia Mũi Cà Mau,", Huyện Ngọc Hiển, Cà Mau",,,,
Cao nguyên Mộc Châu,", Huyện Mộc Châu, Sơn La",,,,
Vườn chim trong thành phố,", Thành phố Cà Mau, Cà Mau",,,,
Toà thánh Cao Đài Tây Ninh,", Phường Long Thành Bắc, Huyện Hòa Thành, Tây Ninh",,,,
Chùa Quan Âm,"Số 84/4 đường Rạch Chùa,, Phường 4, Thành phố Cà Mau, Cà Mau",,,,
Vườn quốc gia Lò Gò - Xa Mát,", Huyện Tân Biên, Tây Ninh",,,,
Bãi biển Mũi Né,", Phường Mũi Né, Thành phố Phan Thiết, Bình Thuận",,,,
Núi Bà Đen,", Xã Thạnh Tân, Thành phố Tây Ninh, Tây Ninh",,,,
Trung tâm Bùn khoáng nóng Mũi Né,"133A Nguyễn Đình Chiểu, Phường Hàm Tiến, Thành phố Phan Thiết, Bình Thuận",0252 3743 482/  3743 477,,info@bunkhoangmuine.com,www.bunkhoangmuine.com
Chùa Núi Tà Cú,", Xã Tân Lập, Huyện Hàm Thuận Nam, Bình Thuận",,,,
Hòn Rơm,", Phường Mũi Né, Thành phố Phan Thiết, Bình Thuận",,,,
Mũi Né,", Phường Mũi Né, Thành phố Phan Thiết, Bình Thuận",,,,
Khu du lịch sinh thái Đồi Sứ,"Thôn Thuận Thành, Xã Thuận Quí, Huyện Hàm Thuận Nam, Bình Thuận",,,,
Khu du lịch Non Nước,"Thôn Tiến An, Xã Tiến Thành, Thành phố Phan Thiết, Bình Thuận",,,,
Chùa Keo,", Xã Duy Nhất, Huyện Vũ Thư, Thái Bình",,,,
Khu du lịch biển Đồng Châu,", Xã Đông Minh, Huyện Tiền Hải, Thái Bình",,,,
Làng chạm bạc Đồng Xâm,", Xã Hồng Thái, Huyện Kiến Xương, Thái Bình",,,,
Đền Tiên La,"Thôn Tiên La, Xã Đoan Hùng, Huyện Hưng Hà, Thái Bình",,,,
Đền Đồng Xâm,", Xã Hồng Thái, Huyện Kiến Xương, Thái Bình",,,,
Làng vườn Bách Thuận,", Huyện Vũ Thư, Thái Bình",,,,
Khu du lịch sinh thái Bà Rá – Thác Mơ,", Phường Thác Mơ, Thị xã Phước Long, Bình Phước",,,,
Khu du lịch Sóc Xiêm,", Thị xã Bình Long, Bình Phước",,,,
Thắng cảnh hồ Núi Cốc,", Huyện Đại Từ, Thái Nguyên",,,,
Bảo tàng Văn hoá các Dân tộc Việt Nam,", Thành phố Thái Nguyên, Thái Nguyên",,,,
"Hang Phượng Hoàng, Suối Mỏ Gà",", Huyện Võ Nhai, Thái Nguyên",,,,
ATK - an toàn khu kháng chiến,", Xã Phú Đình, Huyện Định Hóa, Thái Nguyên",,,,
Khu du lịch Lạc Cảnh Đại Nam Văn Hiến,"1765A Đại Lộ Bình Dương, Phường Hiệp An, Thành phố Thủ Dầu Một, Bình Dương",0274 02743845878,0274 02743845804,lienhe@khudulichdainam.vn,http://khudulichdainam.vn
Làng sơn mài Tương Bình Hiệp,", Phường Tương Bình Hiệp, Thành phố Thủ Dầu Một, Bình Dương",,,,
Chùa Hội Khánh,"Số 35 đường Yersin, Phường Phú Cường, Thành phố Thủ Dầu Một, Bình Dương",,,,
Sân golf Sông Bé,", Phường Lái Thiêu, Thành phố Thuận An, Bình Dương",,,,
Chùa núi Châu Thới,", Phường Bình An, Thị xã Dĩ An, Bình Dương",,,,
Vườn cây ăn trái Lái Thiêu,", Phường Lái Thiêu, Thành phố Thuận An, Bình Dương",,,,
Thành cổ Hoàng Đế,", Xã Nhơn Hậu, Thị xã An Nhơn, Bình Định",,,,
Tháp Bánh Ít,", Xã Phước Hiệp, Huyện Tuy Phước, Bình Định",,,,
Bảo tàng Quang Trung,"Làng Kiên Mỹ, Thị trấn Phú Phong, Huyện Tây Sơn, Bình Định",,,,
Tháp Dương Long,", Xã Bình Hòa, Huyện Tây Sơn, Bình Định",,,,
Tháp Đôi,", Phường Đống Đa, Thành phố Qui Nhơn, Bình Định",,,,
Chùa Long Khánh,"Số 141 đường Trần Cao Vân, Thành phố Qui Nhơn, Bình Định",,,,
Ghềnh Ráng Tiên Sa,", Phường Ghềnh Ráng, Thành phố Qui Nhơn, Bình Định",,,,
Suối nước nóng Hội Vân,"Thôn Hội Vân, Xã Cát Hiệp, Huyện Phù Cát, Bình Định",,,,
Vườn Quốc gia Bến En,", Huyện Như Xuân, Thanh Hóa",,,,
Thành nhà Hồ,", Huyện Vĩnh Lộc, Thanh Hóa",,,,
Di tích lịch sử Lam Kinh,", Thị trấn Lam Sơn, Huyện Thọ Xuân, Thanh Hóa",,,,
Khu di tích lịch sử văn hóa Hàm Rồng,", Thành phố Thanh Hóa, Thanh Hóa",,,,
Hòn Trống Mái,", Thành phố Sầm Sơn, Thanh Hóa",,,,
Hang cá Cẩm Lương,", Xã Cẩm Lương, Huyện Cẩm Thủy, Thanh Hóa",,,,
Đền Bà Triệu,", Huyện Hậu Lộc, Thanh Hóa",,,,
Làng cây kiểng Cái Mơn,", Xã Vĩnh Thành, Huyện Chợ Lách, Bến Tre",,,,
Động Từ Thức,", Xã Nga Thiện, Huyện Nga Sơn, Thanh Hóa",,,,
Chùa Tuyên Linh,", Xã Minh Đức, Huyện Mỏ Cày Nam, Bến Tre",,,,
Mộ Nguyễn Đình Chiểu,", Xã An Đức, Huyện Ba Tri, Bến Tre",,,,
Khu di tích Đồng Khởi,", Xã Định Thủy, Huyện Mỏ Cày Nam, Bến Tre",,,,
Sân chim Vàm Hồ,", Huyện Ba Tri, Bến Tre",,,,
Đình Bình Hòa,", Thị trấn Giồng Trôm, Huyện Giồng Trôm, Bến Tre",,,,
Chùa Dâu,"Thôn Khương Tự (còn gọi là làng Dâu), Xã Thanh Khương, Huyện Thuận Thành, Bắc Ninh",,,,
Chùa Phật Tích,", Xã Phật Tích, Huyện Tiên Du, Bắc Ninh",,,,
Đình làng Đình Bảng,", Thị xã Từ Sơn, Bắc Ninh",,,,
Chùa Bút Tháp,", Xã Đình Tổ, Huyện Thuận Thành, Bắc Ninh",,,,
Lễ hội chùa Phật Tích,", Xã Phật Tích, Huyện Tiên Du, Bắc Ninh",,,,
Làng gốm Phù Lãng,", Xã Phù Lãng, Huyện Quế Võ, Bắc Ninh",,,,
Đền Đô,", Phường Đình Bảng, Thị xã Từ Sơn, Bắc Ninh",,,,
Chùa Vĩnh Tràng,"đường Nguyễn Trung Trực, Xã Mỹ Phong, Thành phố Mỹ Tho, Tiền Giang",,,,
Chợ nổi Cái Bè,", Thị trấn Cái Bè, Huyện Cái Bè, Tiền Giang",,,,
Cù lao Thới Sơn,", Huyện Châu Thành, Tiền Giang",,,,
Trại nuôi rắn Đồng Tâm,", Tiền Giang",,,,
Chùa Hang,", Thị trấn Châu Thành, Huyện Châu Thành, Trà Vinh",,,,
Ao Bà Om,", Xã Lương Hòa, Huyện Châu Thành, Trà Vinh",,,,
Chùa Âng,"Khóm 4, Phường 8, Thành phố Trà Vinh, Trà Vinh",,,,
Chùa Nôdol,", Xã Đại An, Huyện Trà Cú, Trà Vinh",,,,
Khu nhà công tử Bạc Liêu,"Số 13, đường Điện Biên Phủ, Phường 3, Thành phố Bạc Liêu, Bạc Liêu",,,,
Chùa Xiêm Cán,", Xã Hiệp Thành, Thành phố Bạc Liêu, Bạc Liêu",,,,
Chùa Quan Đế,", Xã Vĩnh Trạch, Thành phố Bạc Liêu, Bạc Liêu",,,,
Khu bảo tồn thiên nhiên vườn chim Bạc Liêu,", Xã Hiệp Thành, Thành phố Bạc Liêu, Bạc Liêu",,,,
Thác Mơ,", Thị trấn Na Hang, Huyện Na Hang, Tuyên Quang",,,,
Lán hang Bòng,", Xã Tân Trào, Huyện Sơn Dương, Tuyên Quang",,,,
Cây đa Tân Trào,", Xã Tân Trào, Huyện Sơn Dương, Tuyên Quang",,,,
Khu di tích lịch sử Tân Trào,"Thôn Tân Lập, Xã Tân Trào, Huyện Sơn Dương, Tuyên Quang",0207 0207 3830 264,,dulichtantraotq@gmail.com.vn,www.dulichtantrao.com.vn
Vườn quốc gia Ba Bể,", Huyện Ba Bể, Bắc Kạn",,,,
Động Puông,", Huyện Ba Bể, Bắc Kạn",,,,
Thác Đầu Đẳng,", Huyện Ba Bể, Bắc Kạn",,,,
Cù Lao An Bình và Bình Hòa Phước,", Huyện Long Hồ, Vĩnh Long",,,,
Chùa Vĩnh Nghiêm,", Xã Trí Yên, Huyện Yên Dũng, Bắc Giang",,,,
Chùa Bổ Đà,", Bắc Giang",,,,
Khu du lịch Suối Mỡ,", Xã Nghĩa Phương, Huyện Lục Nam, Bắc Giang",,,,
Khu du lịch Khuôn Thần,", Huyện Lục Ngạn, Bắc Giang",,,,
Đình Thổ Hà,"Làng Thổ Hà, Xã Vân Hà, Huyện Việt Yên, Bắc Giang",,,,
Rừng nguyên sinh Khe Rỗ,", Xã An Lạc, Huyện Sơn Động, Bắc Giang",,,,
Hồ Đại Lải,", Thị xã Phúc Yên, Vĩnh Phúc",,,,
Đình Lỗ Hạnh,", Xã Đông Lỗ, Huyện Hiệp Hòa, Bắc Giang",,,,
Khu danh thắng Tây Thiên,", Thị trấn Đại Đình, Huyện Tam Đảo, Vĩnh Phúc",,,,
Khu du lịch Tam Đảo,", Thị trấn Tam Đảo, Huyện Tam Đảo, Vĩnh Phúc",,,,
Thiền viện Trúc Lâm Tây Thiên,", Thị trấn Đại Đình, Huyện Tam Đảo, Vĩnh Phúc",,,,
Tháp Bình Sơn,", Thị trấn Tam Sơn, Huyện Sông Lô, Vĩnh Phúc",,,,
Khu du lịch và sân golf Tam Đảo,", Vĩnh Phúc",,,,
Chùa Hà Tiên,"Phố Chùa Hà, Thành phố Vĩnh Yên, Vĩnh Phúc",,,,
Thành phố Vũng Tàu,", Thành phố Vũng Tàu, Bà Rịa - Vũng Tàu",,,,
Bãi Dứa,"24-66 Hạ Long, Phường 2, Thành phố Vũng Tàu, Bà Rịa - Vũng Tàu",,,,
Công viên Hồ Tây,"614 Lạc Long Quân, Phường Nhật Tân, Quận Tây Hồ, Thành phố Hà Nội",024 02437184222,024 02437184190,info@congvienhotay.com.vn,congvienhotay.com.vn
Thích ca Phật Đài,", Thành phố Vũng Tàu, Bà Rịa - Vũng Tàu",,,,
Suối Tiên,", Thị xã Phú Mỹ, Bà Rịa - Vũng Tàu",,,,
Ruộng bậc thang Mù Cang Chải,", Huyện Mù Căng Chải, Yên Bái",,,,
Hồ Thác Bà,", Huyện Lục Yên, Yên Bái",,,,
Bãi tắm Long Hải,", Thị trấn Long Hải, Huyện Long Điền, Bà Rịa - Vũng Tàu",,,,
Rừng tràm Trà Sư,", Xã Văn Giáo, Huyện Tịnh Biên, An Giang",,,,
Cụm di tích núi Sam,", Xã Vĩnh Tế, Thành phố Châu Đốc, An Giang",,,,
Núi Cấm,", Xã An Hảo, Huyện Tịnh Biên, An Giang",,,,
Lễ hội miếu Bà Chúa Xứ,", Phường Núi Sam, Thành phố Châu Đốc, An Giang",,,,
Chùa Tây An,", Xã Vĩnh Tế, Thành phố Châu Đốc, An Giang",,,,
Lăng Thoại Ngọc Hầu,", Xã Vĩnh Tế, Thành phố Châu Đốc, An Giang",,,,
Núi Ba Thê,", Thị Trấn Óc Eo, Huyện Thoại Sơn, An Giang",,,,
Bia Thoại Sơn,", Thị trấn Núi Sập, Huyện Thoại Sơn, An Giang",,,,
Khu di chỉ Óc Eo,", Huyện Thoại Sơn, An Giang",,,,
Khu du lịch núi Sập,", Huyện Thoại Sơn, An Giang",,,,
Nhà bảo tàng tỉnh An Giang,"Đường Thoại Ngọc Hầu, Phường Mỹ Long, Thành phố Long Xuyên, An Giang",,,,
Chùa Ông Bắc,", Phường Mỹ Long, Thành phố Long Xuyên, An Giang",,,,
Khu di tích lịch sử Tức Dụp,", Thị trấn Tri Tôn, Huyện Tri Tôn, An Giang",,,,
Làng chài Hàm Ninh,", Xã Hàm Ninh, Thành phố Phú Quốc, Kiên Giang",,,,